[     802ms] [VERBOSE] [DOM] Password forms should have (optionally hidden) username fields for accessibility: (More info: https://goo.gl/9p2vKq) %o @ https://ardyazizzz.github.io/ardyswipefiles/:0
[   96532ms] [ERROR] Failed to load resource: net::ERR_CONNECTION_RESET @ https://media.licdn.com/dms/image/v2/D4E22AQEbG7pvxKHvbw/feedshare-shrink_800/B4EZ4lyoDCKgAg-/0/1778750489010?e=1784160000&v=beta&t=ryCgvf31TdSywmLgu03obh8fqlRL2F_d4g4zphC7jEE:0
[   96588ms] [ERROR] Failed to load resource: net::ERR_CONNECTION_RESET @ https://media.licdn.com/dms/image/v2/D4E22AQFd2tZbBpykZQ/feedshare-shrink_800/B4EZ4rAkleIAAc-/0/1778838030939?e=1784160000&v=beta&t=ojXO9LNA930LLSM7oVugOsRf2dECUcBtlQcVMBziYbw:0
[   96588ms] [ERROR] Failed to load resource: net::ERR_CONNECTION_RESET @ https://media.licdn.com/dms/image/v2/D4E22AQFCL8WgetDo4g/feedshare-shrink_800/B4EZ4yBKMrHYAc-/0/1778955625504?e=1784160000&v=beta&t=kNfDYYsT1vKBeoqOelrD0jDFBp8iIOrWXesULPxn8UI:0
[   96588ms] [ERROR] Failed to load resource: net::ERR_CONNECTION_RESET @ https://media.licdn.com/dms/image/v2/D4E22AQGQfxSUxoypeg/feedshare-shrink_800/B4EZ4l3wK8KsAc-/0/1778751833047?e=1784160000&v=beta&t=1MI0zMv5N8WxeKuw83Y4-i7pHz6_UM5i0m7600Or_YY:0
[   96589ms] [ERROR] Failed to load resource: net::ERR_CONNECTION_RESET @ https://media.licdn.com/dms/image/v2/D4E22AQEx7GCbJS1jCg/feedshare-shrink_800/B4EZ46mWdsIcAc-/0/1779099593822?e=1784160000&v=beta&t=KEEV443003LVhE4NKd7otPco2vlzBdzQ4bLU4oiqRFE:0
[   96589ms] [ERROR] Failed to load resource: net::ERR_CONNECTION_RESET @ https://media.licdn.com/dms/image/v2/D4E22AQGlvpvwjnqKMg/feedshare-shrink_800/B4EZ46QAymH8Ac-/0/1779093736918?e=1784160000&v=beta&t=m3IfSqLRW_gUoyb-hWKa8K-E4L9_4VUbDl9l5waZTfQ:0
[   96589ms] [ERROR] Failed to load resource: net::ERR_CONNECTION_RESET @ https://media.licdn.com/dms/image/v2/D4E22AQEJ3JvAMzLrXw/feedshare-shrink_800/B4EZ5EzwEAJkAc-/0/1779270877709?e=1784160000&v=beta&t=4Y2rGWm7JpOrfVHQdOdoZKpxtC3P2PDxnfAfVdkB1RY:0
[   96589ms] [ERROR] Failed to load resource: net::ERR_CONNECTION_RESET @ https://media.licdn.com/dms/image/v2/D4E22AQFFRa1w3L-GHA/feedshare-shrink_800/B4EZ5E9El3K4Ak-/0/1779273321126?e=1784160000&v=beta&t=mVEvpo_fezKbsw_Byg4afPURwvy9D_2Ew9BXJWs6gOI:0
[   96589ms] [ERROR] Failed to load resource: net::ERR_CONNECTION_RESET @ https://media.licdn.com/dms/image/v2/D4E22AQHS9UZ62i1Ltg/feedshare-shrink_800/B4EZ5FE1rzHcAg-/0/1779275357218?e=1784160000&v=beta&t=jOkMuijizt0JtS9klXaHBXvd_PHRtGYRZZiLMzgq08g:0
[   96589ms] [ERROR] Failed to load resource: net::ERR_CONNECTION_RESET @ https://media.licdn.com/dms/image/v2/D4E22AQHAdFrAWop83Q/feedshare-shrink_800/B4EZ5VR_JWJMAc-/0/1779547239277?e=1784160000&v=beta&t=AyKAya-FXz72-MUcRoZJxQgW_fhPow8reL2gG7r23IM:0
[   96589ms] [ERROR] Failed to load resource: net::ERR_CONNECTION_RESET @ https://media.licdn.com/dms/image/v2/D4E22AQHETQEL1H2TZw/feedshare-shrink_800/B4EZ48KCQRHYAc-/0/1779125724505?e=1784160000&v=beta&t=yLSGqgr4l8mZwYEdkWxxOZX9dsQnJnAKnd2Nh2fns_g:0
[   96589ms] [ERROR] Failed to load resource: net::ERR_CONNECTION_RESET @ https://media.licdn.com/dms/image/v2/D4E22AQHnnbS35049Lw/feedshare-shrink_800/B4EZ5aDJnoGUAg-/0/1779627236104?e=1784160000&v=beta&t=c_JdB_8M8kE_XbU8-2ubehpf_-efkT96fhEB5Crmyf4:0
[   96589ms] [ERROR] Failed to load resource: net::ERR_CONNECTION_RESET @ https://media.licdn.com/dms/image/v2/D4E22AQElK_Gj5H8kpg/feedshare-shrink_800/B4EZ5hCQ.pJ0Ag-/0/1779744444722?e=1784160000&v=beta&t=O9y3qebgX9jem7l-fdDDM1wjYwfiXVeBbezkQYLHsQo:0
[   96589ms] [ERROR] Failed to load resource: net::ERR_CONNECTION_RESET @ https://media.licdn.com/dms/image/v2/D4E22AQEXbTpHl3iU4w/feedshare-shrink_800/B4EZ5gcVcgGwAc-/0/1779734501432?e=1784160000&v=beta&t=y19zgsPWc6i0Uz9K6S1rjI05tfdN1khtQfzRMYDfZak:0
[   96589ms] [ERROR] Failed to load resource: net::ERR_CONNECTION_RESET @ https://media.licdn.com/dms/image/v2/D4E22AQFafmrjP6_AXQ/feedshare-shrink_800/B4EZ5FsnXAKoAc-/0/1779285784296?e=1784160000&v=beta&t=did9p3qq050KaHVG_P2vadG-KmadNSqXXVNZhvMHLEE:0
[   96589ms] [ERROR] Failed to load resource: net::ERR_CONNECTION_RESET @ https://media.licdn.com/dms/image/v2/D4E22AQE_pWJ1d1C-og/feedshare-shrink_800/B4EZ5zL2CRGwAg-/0/1780048945585?e=1784160000&v=beta&t=vjSTyg8XRnTFXyWnB24QkrA9Yms5HjKIVcgwhdSco6s:0
[   96589ms] [ERROR] Failed to load resource: net::ERR_CONNECTION_RESET @ https://media.licdn.com/dms/image/v2/D4E22AQELM3bmmxCL5g/feedshare-shrink_800/B4EZ54DoYvGwAg-/0/1780130679897?e=1784160000&v=beta&t=Y2XP43Hk01YnQ8MfyOuWNZlUiHz6_CPouhuaH2c6YEU:0
[   96589ms] [ERROR] Failed to load resource: net::ERR_CONNECTION_RESET @ https://media.licdn.com/dms/image/v2/D4E22AQGuk8KZTZzaLw/feedshare-shrink_800/B4EZ50dB3.HUAg-/0/1780070229981?e=1784160000&v=beta&t=8TlzJk86GT4GHZCLDSRzZrGuJB2RWV0aJrSOFeFj1GA:0
[   96590ms] [ERROR] Failed to load resource: net::ERR_CONNECTION_RESET @ https://media.licdn.com/dms/image/v2/D4E22AQE802Z84HI5pQ/feedshare-shrink_800/B4EZ50e8OzGwAc-/0/1780070728918?e=1784160000&v=beta&t=RXjUZOZQ-D0W7weo-4SKgmnxKGygZhu7N18P7EapWXU:0
[   96590ms] [ERROR] Failed to load resource: net::ERR_CONNECTION_RESET @ https://media.licdn.com/dms/image/v2/D4E22AQHfhbuFqRLkgw/feedshare-shrink_800/B4EZ6Ikz0PHQAc-/0/1780407813886?e=1784160000&v=beta&t=FHoFqB5vt_jTEa7os8VI3LczvyLKlNe3FyhJcctIFKc:0
[   96590ms] [ERROR] Failed to load resource: net::ERR_CONNECTION_RESET @ https://media.licdn.com/dms/image/v2/D4E22AQG-BPkM2KZoEg/feedshare-shrink_800/B4EZ6D673YIkAc-/0/1780329727672?e=1784160000&v=beta&t=0zCYplxTw7RfmDN8qPo8VPu_77eHwE8mh2f_IFwpyaI:0
[   96590ms] [ERROR] Failed to load resource: net::ERR_CONNECTION_RESET @ https://media.licdn.com/dms/image/v2/D4E22AQGjnKrcO2GePA/feedshare-shrink_800/B4EZ6H8.m.IAAc-/0/1780397373639?e=1784160000&v=beta&t=_zwA-2_mHhPqVJcNDnrRSGdJeDdrkBCAxgyGtk8ivoA:0
[   96590ms] [ERROR] Failed to load resource: net::ERR_CONNECTION_RESET @ https://media.licdn.com/dms/image/v2/D4E22AQG_Vrv3MFz-Kg/feedshare-shrink_800/B4EZ6dk4omJgAc-/0/1780760155595?e=1784160000&v=beta&t=Itr1JKi5sFrqsI4_eV1ECyjJV5Ees1Ec-ZjmUXT8jTE:0
[   96590ms] [ERROR] Failed to load resource: net::ERR_CONNECTION_RESET @ https://media.licdn.com/dms/image/v2/D4E22AQEJgg5hZEBcig/feedshare-shrink_800/B4EZ6JV7NvIwAc-/0/1780420686999?e=1784160000&v=beta&t=VaUu-NLHRdZlQ1Gt9lvKLH8gUHxv8CwPQoTHXz1e1cc:0
[   96590ms] [ERROR] Failed to load resource: net::ERR_CONNECTION_RESET @ https://media.licdn.com/dms/image/v2/D4E22AQFghu0_-OnwVw/feedshare-shrink_800/B4EZ6JJAY7GUAc-/0/1780417303333?e=1784160000&v=beta&t=_PE7afHBuDYoBAmsGOIf0dB4xx8D67H7Z4zQs6xigWQ:0
[   96590ms] [ERROR] Failed to load resource: net::ERR_CONNECTION_RESET @ https://media.licdn.com/dms/image/v2/D4D22AQGMqKDDbId-5g/feedshare-shrink_800/B4DZ6rZ9uvIsAc-/0/1780992178842?e=1784160000&v=beta&t=b3yxxJWXUJC8Y4e5ydqgftAw6GNF61w8YyPlBejHVwk:0
[   96590ms] [ERROR] Failed to load resource: net::ERR_CONNECTION_RESET @ https://media.licdn.com/dms/image/v2/D4E22AQFNSkxSWEKNsw/feedshare-shrink_800/B4EZ50gr.mHsAg-/0/1780071186591?e=1784160000&v=beta&t=os1uHA-7Lqz1iQ33n6V1EyNvO1EFDL6IDMcpieeS7eM:0
[   96590ms] [ERROR] Failed to load resource: net::ERR_CONNECTION_RESET @ https://media.licdn.com/dms/image/v2/D4E22AQEXqSeMtGuCLQ/feedshare-shrink_800/B4EZ6ylM94JgAc-/0/1781112560824?e=1784160000&v=beta&t=cKr7b5w0W0KEXgzCkusUO9SyZxcdx0_qn0Yg613t0gE:0
[   96590ms] [ERROR] Failed to load resource: net::ERR_CONNECTION_RESET @ https://media.licdn.com/dms/image/v2/D4E22AQHWWIbTcXbb8g/feedshare-shrink_800/B4EZ6362NcJ4Ac-/0/1781202118444?e=1784160000&v=beta&t=HFUlSybKKXWv4fUxifPMB90mOccqMSPSszSsAYQQIBY:0
[   96590ms] [ERROR] Failed to load resource: net::ERR_CONNECTION_RESET @ https://media.licdn.com/dms/image/v2/D4E22AQGBUum-VJzSRA/feedshare-shrink_800/B4EZ6w9KvAGQAo-/0/1781085288611?e=1784160000&v=beta&t=fgOIdMPaGBm9prmHCSphEKdZvP7pR4TxZWZUSSs-kNA:0
[   96590ms] [ERROR] Failed to load resource: net::ERR_CONNECTION_RESET @ https://media.licdn.com/dms/image/v2/D4E22AQEMWNlhgNYzAg/feedshare-shrink_800/B4EZ6y0ThIJIAc-/0/1781116517817?e=1784160000&v=beta&t=6hlZa_ECkwJ2LFoJKH_wXD4_4Db31BhhDEQoIIBGk18:0
[   96590ms] [ERROR] Failed to load resource: net::ERR_CONNECTION_RESET @ https://media.licdn.com/dms/image/v2/D4E22AQGsoKP4p4kXjA/feedshare-shrink_800/B4EZ68z3RvIwAc-/0/1781284173399?e=1784160000&v=beta&t=8tEsGLZyoOVWJxLUzPs2Y5nK0OX9ahQ5WHqij3o5cww:0
[   96590ms] [ERROR] Failed to load resource: net::ERR_CONNECTION_RESET @ https://media.licdn.com/dms/image/v2/D4E22AQH-ijUev7vQgg/feedshare-shrink_800/B4EZ68t7EKKoAc-/0/1781282616831?e=1784160000&v=beta&t=_94Q7zYUE8tlWcA5rKspQ89EompxWPsGmVev02Ep77I:0
[   96590ms] [ERROR] Failed to load resource: net::ERR_CONNECTION_RESET @ https://media.licdn.com/dms/image/v2/D4E22AQFco4y0Q5ZFYw/feedshare-shrink_800/B4EZ7MAIPcJYAc-/0/1781539047139?e=1784160000&v=beta&t=34K2F2lsavPJmDVqs2PJZmMptYzUhCuav2jBSl0KRgY:0
[   96590ms] [ERROR] Failed to load resource: net::ERR_CONNECTION_RESET @ https://media.licdn.com/dms/image/v2/D4E22AQFA7vzb_zC54g/feedshare-shrink_800/B4EZ7X9vasJYAc-/0/1781739750727?e=1784160000&v=beta&t=V9tmCLpTfmRSBABxYgPS84ZM0nw4WirYBGS-d6IXINs:0
[   96590ms] [ERROR] Failed to load resource: net::ERR_CONNECTION_RESET @ https://media.licdn.com/dms/image/v2/D4E22AQHzMzlHpQbazA/feedshare-shrink_800/B4EZ7MJIUxK0Ac-/0/1781541406612?e=1784160000&v=beta&t=EBu0PI8L_HRw5fk6o7NzzeSe0ev_zF2CUTls0dxAJ8Q:0
[   96590ms] [ERROR] Failed to load resource: net::ERR_CONNECTION_RESET @ https://media.licdn.com/dms/image/v2/D4E22AQEX9QQao36buw/feedshare-shrink_800/B4EZ7SZ.LQKoAc-/0/1781646488330?e=1784160000&v=beta&t=E-TkSk14UkXqGmDHqa5QQ4odtpvbIs5kRZSvCo_kK0w:0
[   96590ms] [ERROR] Failed to load resource: net::ERR_CONNECTION_RESET @ https://media.licdn.com/dms/image/v2/D4E22AQHtMqJhzvFifg/feedshare-shrink_800/B4EZ7hZJQaJUAc-/0/1781897930400?e=1784160000&v=beta&t=lF0zbr0vxrwgrJEz3cGcyEja4mza3Rr3P9sIzM634vo:0
[   96590ms] [ERROR] Failed to load resource: net::ERR_CONNECTION_RESET @ https://media.licdn.com/dms/image/v2/D4E22AQH7OfffSA2quQ/feedshare-shrink_800/B4EZ7hqAZnKIAc-/0/1781902351170?e=1784160000&v=beta&t=YaWfLJsPQ4BspDA3bAIfAe7vh4HIOuu4DWZpCHub56w:0
[   96590ms] [ERROR] Failed to load resource: net::ERR_CONNECTION_RESET @ https://media.licdn.com/dms/image/v2/D4E22AQEwHCGf70AkUA/feedshare-shrink_800/B4EZ7SbmatKoAc-/0/1781646912186?e=1784160000&v=beta&t=o8CIxgJDY-I54ptdKvaDjpr58-KPVOtCMt05-C1jb0Y:0
[   96590ms] [ERROR] Failed to load resource: net::ERR_CONNECTION_RESET @ https://media.licdn.com/dms/image/v2/D4E22AQF0RKKyqwtuWg/feedshare-shrink_800/B4EZ7sII1rJEAc-/0/1782078017182?e=1784160000&v=beta&t=xI8rzvnBHSYvkvlEt6PGIKJyXLemJt0trmdz0DT5B7s:0
[   96590ms] [ERROR] Failed to load resource: net::ERR_CONNECTION_RESET @ https://media.licdn.com/dms/image/v2/D4E22AQEp79-RoEq-nw/feedshare-shrink_800/B4EZ7ScFjMHsAc-/0/1781647039694?e=1784160000&v=beta&t=G_pzRQ8UGU68wQXU6JeI0IHniZ91zxZLxxfEmX7er1c:0
[   96590ms] [ERROR] Failed to load resource: net::ERR_CONNECTION_RESET @ https://media.licdn.com/dms/image/v2/D4E22AQGBi9Xu0eOPig/feedshare-shrink_800/B4EZ7rg870JEAc-/0/1782067745699?e=1784160000&v=beta&t=aIiQL_SilIlBpYbKN9vBLHwoRyGcEoJPaga_DY3PckM:0
[   96590ms] [ERROR] Failed to load resource: net::ERR_CONNECTION_RESET @ https://media.licdn.com/dms/image/v2/D4E22AQGMOtsaQ5hjpQ/feedshare-shrink_800/B4EZ6o2kWNHAAg-/0/1780949340507?e=1784160000&v=beta&t=d6QPr9v2fkGrRVVhltQDkAGhS0LQjZIAl6O1-mYt8So:0
[   96590ms] [ERROR] Failed to load resource: net::ERR_CONNECTION_RESET @ https://media.licdn.com/dms/image/v2/D4E22AQHMFTpotMbtiQ/feedshare-shrink_800/B4EZ8Jv2p6H8Ac-/0/1782574969837?e=1784160000&v=beta&t=jTVBRM1XSd3VTN37ZROtJLSE_uC-i-84iactvoWWyy4:0
[   96590ms] [ERROR] Failed to load resource: net::ERR_CONNECTION_RESET @ https://media.licdn.com/dms/image/v2/D4E22AQEx1FX6Ig_B_w/feedshare-shrink_800/B4EZ7BCtrHJUAc-/0/1781355176598?e=1784160000&v=beta&t=RqLfXHvgE3HQ9gz6BZ5hHMOR4CBw0QOLN_HoUe9eKas:0
[   96591ms] [ERROR] Failed to load resource: net::ERR_CONNECTION_RESET @ https://media.licdn.com/dms/image/v2/D4E22AQHuDPlHBicn0w/feedshare-shrink_800/B4EZ8DR8l3HoAg-/0/1782466466250?e=1784160000&v=beta&t=leQS2UOE2KRYX5MQTvSnzTfb1pTTYf-UF2SFxWLO0mM:0
[   96591ms] [ERROR] Failed to load resource: net::ERR_CONNECTION_RESET @ https://media.licdn.com/dms/image/v2/D4E22AQFSw5Kl8Kff_g/feedshare-shrink_800/B4EZsO88tTGQAg-/0/1765482418034?e=1784160000&v=beta&t=9_XgQXagdAR6_F0A2gUiuhEcTyIi-CG4lAASH7d3Vcs:0
[   96591ms] [ERROR] Failed to load resource: net::ERR_CONNECTION_RESET @ https://media.licdn.com/dms/image/v2/D4E22AQHPcPS46grvKw/feedshare-shrink_800/B4EZpW6oTvKoAg-/0/1762394808850?e=1784160000&v=beta&t=pFdA0wSwmWBxw_LymlU3Bllv5sP_KRjfJVYiL1vw6Fs:0
[   96591ms] [ERROR] Failed to load resource: net::ERR_CONNECTION_RESET @ https://media.licdn.com/dms/image/v2/D4E22AQHacvKST9NfmA/feedshare-shrink_800/B4EZlX.chJIwAo-/0/1758117612244?e=1784160000&v=beta&t=u-W5spCb8nuzPmU5R0riO7_mv7u2G-DCZ80izg5npDQ:0
[   96591ms] [ERROR] Failed to load resource: net::ERR_CONNECTION_RESET @ https://media.licdn.com/dms/image/v2/D4E22AQFyi_WKHpHEWA/feedshare-shrink_800/B4EZmv.iXnIUAg-/0/1759594031134?e=1784160000&v=beta&t=Rvvp-rgTBy6C130DT7p920QxnqAKaZA-f0t9XQZ7t2M:0
[   96591ms] [ERROR] Failed to load resource: net::ERR_CONNECTION_RESET @ https://media.licdn.com/dms/image/v2/D5622AQHJt5ofzIZyxw/feedshare-shrink_800/B56ZVYjjdPHEAg-/0/1740947470784?e=1784160000&v=beta&t=4bIjQJug-zY_1rp5h0fDTqefAQcfrfJM4MgzP5XFFL0:0
[   96591ms] [ERROR] Failed to load resource: net::ERR_CONNECTION_RESET @ https://media.licdn.com/dms/image/v2/D4E22AQHhmz837EUd3w/feedshare-shrink_800/B4EZVH23VVHcAs-/0/1740667320106?e=1784160000&v=beta&t=sV8bJE5LJQ6fe3oALFpnJMYVaHhdWILtOli6-taw310:0
[   96591ms] [ERROR] Failed to load resource: net::ERR_CONNECTION_RESET @ https://media.licdn.com/dms/image/v2/D4E22AQF5wz5oME-84A/feedshare-shrink_800/B4EZWppKNjGwAg-/0/1742307894550?e=1784160000&v=beta&t=a48YnoqfPJhpR8irym0TM2nZ8LZaZbf6sKS1nK1M4yg:0
[   96591ms] [ERROR] Failed to load resource: net::ERR_CONNECTION_RESET @ https://media.licdn.com/dms/image/v2/D4E22AQEqiFnTMWcPOw/feedshare-shrink_800/B4EZfvC8.7GwAg-/0/1752062219469?e=1784160000&v=beta&t=lYwgkoWDNOowtnQWsEgthAsB3dpZcQY_0TiFtRJ0PFo:0
[   96591ms] [ERROR] Failed to load resource: net::ERR_CONNECTION_RESET @ https://media.licdn.com/dms/image/v2/D4E22AQFXTzFb4HD8Aw/feedshare-shrink_800/B4EZbjQJ5PHYAk-/0/1747569387124?e=1784160000&v=beta&t=5xg47hVssIWyODjahxQqMso0uu_YNqwHS3kcKS6xK8U:0
[   96591ms] [ERROR] Failed to load resource: net::ERR_CONNECTION_RESET @ https://media.licdn.com/dms/image/v2/D4E22AQGe1H7Q_bH3qQ/feedshare-shrink_800/B4EZcmNDUoHsAg-/0/1748692647488?e=1784160000&v=beta&t=yzy9-8U-Netlzwb1BnEV4zIlKhNRvHrKvh9vfY1nb1E:0
[   96591ms] [ERROR] Failed to load resource: net::ERR_CONNECTION_RESET @ https://media.licdn.com/dms/image/v2/D4E22AQGNjAEKkPDPFQ/feedshare-shrink_800/B4EZcb5_fKHcAk-/0/1748519878811?e=1784160000&v=beta&t=VEKrQmsafyY1fB5mnqxB1_ct6DC558SaxF-6MLOprN4:0
[   96591ms] [ERROR] Failed to load resource: net::ERR_CONNECTION_RESET @ https://media.licdn.com/dms/image/v2/D4E22AQHOCje2JKStiw/feedshare-shrink_800/B4EZg8Su4jHgAg-/0/1753358202938?e=1784160000&v=beta&t=Q_Dv8XlWLlHLTNe5gIv62Xf_AlngQ-zc5Qv6Zs-ePD8:0
[   96591ms] [ERROR] Failed to load resource: net::ERR_CONNECTION_RESET @ https://media.licdn.com/dms/image/v2/D4E22AQE1pn42FR8XCA/feedshare-shrink_800/B4EZhbMwllHEAk-/0/1753876729757?e=1784160000&v=beta&t=6Vm8alDhENXHIv0DhCT9F1qhPLyqhyLvdcbwJAkGJsg:0
[   96591ms] [ERROR] Failed to load resource: net::ERR_CONNECTION_RESET @ https://media.licdn.com/dms/image/v2/D4D22AQFtAq4RD1Rbxw/feedshare-shrink_800/B4DZsMRgeQLYAg-/0/1765437476211?e=1784160000&v=beta&t=wGQqN9gZyHXTTlIsNU8J6xuDGYGUldzvg9m4oUCl5CQ:0
[   96591ms] [ERROR] Failed to load resource: net::ERR_CONNECTION_RESET @ https://media.licdn.com/dms/image/v2/D4E22AQEb5BwV4fBecg/feedshare-shrink_800/B4EZrefe6wGcAg-/0/1764669386687?e=1784160000&v=beta&t=r0AjB4Wg66pIwmoq_c10MAa-xx-fQ01CosABU5VLA7Q:0
[   96591ms] [ERROR] Failed to load resource: net::ERR_CONNECTION_RESET @ https://media.licdn.com/dms/image/v2/D4E22AQF-Ca6yMhxAOA/feedshare-shrink_800/B4EZqhrl3LHEAg-/0/1763649151601?e=1784160000&v=beta&t=n0eSMTRXqv5mCg4RUMc_DLO2VA0H_aHBM8MqZoDJxF4:0
[   96591ms] [ERROR] Failed to load resource: net::ERR_CONNECTION_RESET @ https://media.licdn.com/dms/image/v2/D4E22AQHhVGSI_WSfNg/feedshare-shrink_800/B4EZh09TVAGwAo-/0/1754308886030?e=1784160000&v=beta&t=z0gEXGLitDxxL7LarKX_S8yPqnRFLWvFtcQwesAfPGU:0
[   96591ms] [ERROR] Failed to load resource: net::ERR_CONNECTION_RESET @ https://media.licdn.com/dms/image/v2/D4E22AQGfnzP78J3k7g/feedshare-shrink_800/B4EZipfZj_HgAg-/0/1755190239211?e=1784160000&v=beta&t=1ZtTrnAJW4FsDCFigMtAhHfNNnVvs7c8NhBUwxY3Z1s:0
[   96591ms] [ERROR] Failed to load resource: net::ERR_CONNECTION_RESET @ https://media.licdn.com/dms/image/v2/D4E22AQGtg5iozQ4MNQ/feedshare-shrink_800/B4EZg1KIJXGUAg-/0/1753238504452?e=1784160000&v=beta&t=v4okiNATHqsLZwyJnzTcP1mR9Lvouiea6GuH_lirxYY:0
[   96591ms] [ERROR] Failed to load resource: net::ERR_CONNECTION_RESET @ https://media.licdn.com/dms/image/v2/D4E22AQH5z_mP1vtngQ/feedshare-shrink_800/B4EZdVHCnSHcAg-/0/1749479599029?e=1784160000&v=beta&t=BJntbNhakGww6gXdNGlMmoKHou-EUZsnGEQrLlo-q1M:0
[   96591ms] [ERROR] Failed to load resource: net::ERR_CONNECTION_RESET @ https://media.licdn.com/dms/image/v2/D4E22AQHspg3zFZrgRQ/feedshare-shrink_800/B4EZ4DekRmJMAc-/0/1778174805417?e=1784160000&v=beta&t=XsNCSR5mNeH-0_-GX0rS5XiObwy2vSnvzHyF7epfx9g:0
[   96591ms] [ERROR] Failed to load resource: net::ERR_CONNECTION_RESET @ https://media.licdn.com/dms/image/v2/D4D22AQGl7tGin1ICEQ/feedshare-shrink_800/B4DZ3LVektHYAg-/0/1777232898847?e=1784160000&v=beta&t=yCK2hIedNFvEU6Z29TcZO26smfCvbervS3J2msiHaps:0
[   96592ms] [ERROR] Failed to load resource: net::ERR_CONNECTION_RESET @ https://media.licdn.com/dms/image/v2/D4D22AQGHuMvf-LQ7VQ/feedshare-shrink_800/B4DZyOSt4PKQAg-/0/1771913797410?e=1784160000&v=beta&t=si4D4WWFaOs6kUp5hiWxXWpqfNCgZFTSz-hmBza4UxQ:0
[   96592ms] [ERROR] Failed to load resource: net::ERR_CONNECTION_RESET @ https://media.licdn.com/dms/image/v2/D4E22AQGcVYrsa6HWAw/feedshare-shrink_800/B4EZlL73.rHoAg-/0/1757915611569?e=1784160000&v=beta&t=SyAMBVwz0kaAZjO9sNi1L4sENCwtB2Lvsl4JPO1Ig9g:0
[   96592ms] [ERROR] Failed to load resource: net::ERR_CONNECTION_RESET @ https://media.licdn.com/dms/image/v2/D4E22AQHrZ6i0S54oSg/feedshare-shrink_800/B4EZiqUKWrHEAk-/0/1755204070744?e=1784160000&v=beta&t=X4zsF5iiIUW-VsZvDhSqh1t3xsBj_3u0yRtjjh_y8UE:0
[   96592ms] [ERROR] Failed to load resource: net::ERR_CONNECTION_RESET @ https://media.licdn.com/dms/image/v2/D4D22AQGQlz9RS2PiXw/feedshare-shrink_800/B4DZZeZ6UuGgAk-/0/1745340573782?e=1784160000&v=beta&t=2pFxU3HLSUqCKZ22uheAS7eN5mLroCVprjMPo1C1AsY:0
[   96592ms] [ERROR] Failed to load resource: net::ERR_CONNECTION_RESET @ https://media.licdn.com/dms/image/v2/D4E22AQGb1e6dnZKFbg/feedshare-shrink_800/feedshare-shrink_800/0/1727783852760?e=1784160000&v=beta&t=jafm6lQhaSfV_j195UFEUu6xNxlQ_BaFTrpHD4FAf5g:0
[   96592ms] [ERROR] Failed to load resource: net::ERR_CONNECTION_RESET @ https://media.licdn.com/dms/image/v2/D5622AQEkSZKXa6BO4A/feedshare-shrink_800/feedshare-shrink_800/0/1724634246614?e=1784160000&v=beta&t=LVCBzmXtAYA7nhyx-uk9sy2NCTTveEY3EKBtUbbXLIQ:0
[   96592ms] [ERROR] Failed to load resource: net::ERR_CONNECTION_RESET @ https://media.licdn.com/dms/image/v2/D4E22AQEyELqsUk3y2A/feedshare-shrink_800/feedshare-shrink_800/0/1718252334996?e=1784160000&v=beta&t=KeofbI4L1wViCxVVwUaCQxsl_39ckcX7g-7M6JXR6k0:0
[   96592ms] [ERROR] Failed to load resource: net::ERR_CONNECTION_RESET @ https://media.licdn.com/dms/image/v2/D5622AQFWVDNjJqt_Vw/feedshare-shrink_800/feedshare-shrink_800/0/1725964120396?e=1784160000&v=beta&t=gKBYsvJ_Zs6UP7x3avrYb3GRxKIMZkrGMjy30EGUf9s:0
[   96592ms] [ERROR] Failed to load resource: net::ERR_CONNECTION_RESET @ https://media.licdn.com/dms/image/v2/D5622AQHuWgCG6qsmIg/feedshare-shrink_800/feedshare-shrink_800/0/1725835492541?e=1784160000&v=beta&t=sF_blz1ta3hJiTGM_Shakj0b2CGpfBfxHhUP3kPu6gU:0
[   96592ms] [ERROR] Failed to load resource: net::ERR_CONNECTION_RESET @ https://media.licdn.com/dms/image/v2/D4D22AQEHibMm3B1SXA/feedshare-shrink_800/feedshare-shrink_800/0/1725452467384?e=1784160000&v=beta&t=bd4uvM3mPIMtk-bXN5tcfw__Z6T67n4IZod-uecUYKg:0
[   96592ms] [ERROR] Failed to load resource: net::ERR_CONNECTION_RESET @ https://media.licdn.com/dms/image/v2/D5622AQE_HrNm1slhQw/feedshare-shrink_800/feedshare-shrink_800/0/1724938367546?e=1784160000&v=beta&t=37qWgDO7v6EymR_1Ex_jaeDtd5KUsY476vajp_iBWSI:0
[   96592ms] [ERROR] Failed to load resource: net::ERR_CONNECTION_RESET @ https://media.licdn.com/dms/image/v2/D5622AQHcXRj_kMuD-w/feedshare-shrink_800/feedshare-shrink_800/0/1725970107696?e=1784160000&v=beta&t=cuvtMe7BbeUK1ijXfe7wjEZc5pP2chEuiB3M8TSsUfE:0
[   96592ms] [ERROR] Failed to load resource: net::ERR_CONNECTION_RESET @ https://media.licdn.com/dms/image/v2/D4D22AQGxfpSYtEJAFA/feedshare-shrink_800/feedshare-shrink_800/0/1726450385182?e=1784160000&v=beta&t=Rp5ojvPlRXX2gsK4AG-aBGwHJhDH1Nwlhd3igZbpKT8:0
[   96592ms] [ERROR] Failed to load resource: net::ERR_CONNECTION_RESET @ https://media.licdn.com/dms/image/v2/D5622AQGAumOUIZowlQ/feedshare-shrink_800/feedshare-shrink_800/0/1726356062634?e=1784160000&v=beta&t=zsLOzUeEi6Kg9ms0Biv9qnO7YpRkiAI2gHWqrzDQNug:0
[   96592ms] [ERROR] Failed to load resource: net::ERR_CONNECTION_RESET @ https://media.licdn.com/dms/image/v2/D5622AQHhOrfOFqbB5Q/feedshare-shrink_800/feedshare-shrink_800/0/1728151572240?e=1784160000&v=beta&t=jNDwCzKbHuLxzkj8_zqvPSfruD5Lj8XQBcf8nPvOztM:0
[   96592ms] [ERROR] Failed to load resource: net::ERR_CONNECTION_RESET @ https://media.licdn.com/dms/image/v2/D5622AQHRpIOk-3OzyQ/feedshare-shrink_800/feedshare-shrink_800/0/1727147069228?e=1784160000&v=beta&t=p8Z65lUf2LPb_yglNZWEQFkLkMFCRj8MyKjArIvGU0E:0
[   96592ms] [ERROR] Failed to load resource: net::ERR_CONNECTION_RESET @ https://media.licdn.com/dms/image/v2/D5622AQFNHgHvn9UcLw/feedshare-shrink_800/feedshare-shrink_800/0/1733364754258?e=1784160000&v=beta&t=vJkn4HoBG4-kga8Y9mtH9Vc_7O8nYxHYs7dGlyxyguw:0
[   96592ms] [ERROR] Failed to load resource: net::ERR_CONNECTION_RESET @ https://media.licdn.com/dms/image/v2/D4D22AQHIwDfB2R10Kg/feedshare-shrink_800/feedshare-shrink_800/0/1731962051732?e=1784160000&v=beta&t=6YRNzzAYalzv2OO3nMxaX0Y-lkUuHB8oQUibpjZL7-M:0
[   96592ms] [ERROR] Failed to load resource: net::ERR_CONNECTION_RESET @ https://media.licdn.com/dms/image/v2/D5622AQFU5brlQ4oEww/feedshare-shrink_800/feedshare-shrink_800/0/1728937973769?e=1784160000&v=beta&t=I_h8M8-LhR49kfyjaUZoeoJoEj8eAOYXhehsKZBRuQM:0
[   96593ms] [ERROR] Failed to load resource: net::ERR_CONNECTION_RESET @ https://media.licdn.com/dms/image/v2/D5622AQGC1uqXk1Kjow/feedshare-shrink_800/feedshare-shrink_800/0/1728908711219?e=1784160000&v=beta&t=akYtpOsQYUO44oQKp8EfJyD3ZVJ2xCNSp6ICXpvOAP0:0
[   96593ms] [ERROR] Failed to load resource: net::ERR_CONNECTION_RESET @ https://media.licdn.com/dms/image/v2/D5622AQGEO3fcoeXEKg/feedshare-shrink_800/B56ZueHyrrHMAg-/0/1767884423585?e=1784160000&v=beta&t=qwXy7ZB4eGOb_yspTSbn1HVmkN36iPB7R4vxpTYv7Ns:0
[   96593ms] [ERROR] Failed to load resource: net::ERR_CONNECTION_RESET @ https://media.licdn.com/dms/image/v2/D5622AQEpXo3LXR6IbQ/feedshare-shrink_800/B56ZxH3wXdHYAg-/0/1770732331824?e=1784160000&v=beta&t=rGtfqUvd3UGY8B7dOTj2z_hsqY_qBLbWJlKJA1PbDcA:0
[   96593ms] [ERROR] Failed to load resource: net::ERR_CONNECTION_RESET @ https://media.licdn.com/dms/image/v2/D5622AQHBJ5SYNiMKOQ/feedshare-shrink_800/B56ZiWaM8kG4Ag-/0/1754870108965?e=1784160000&v=beta&t=sBAoJsO__1lhmnCsf9eLyHX2Upq1WakIFtzIx_fhu90:0
[   96593ms] [ERROR] Failed to load resource: net::ERR_CONNECTION_RESET @ https://media.licdn.com/dms/image/v2/D5622AQF4cKc3p7n79Q/feedshare-shrink_800/B56ZZdjhZOHAAo-/0/1745326315926?e=1784160000&v=beta&t=pui5IKFUES-4G4YXTtJmFTAEEwqD6-9O7AgbEWpuLAQ:0
[   96593ms] [ERROR] Failed to load resource: net::ERR_CONNECTION_RESET @ https://media.licdn.com/dms/image/v2/D5622AQHazlJcI8OWRg/feedshare-shrink_800/B56ZdXh77VGoAk-/0/1749520204358?e=1784160000&v=beta&t=UPQufnSVFjRuAkX1OVA0K2Q-pdSPxMb3lSI0qtEIE74:0
[   96593ms] [ERROR] Failed to load resource: net::ERR_CONNECTION_RESET @ https://media.licdn.com/dms/image/v2/D5622AQGfefIT2rQl5w/feedshare-shrink_800/B56ZWPgED0HEAg-/0/1741869303308?e=1784160000&v=beta&t=6RFqA_3f8I9m-AUyKO-lV7wNHnRIxg096YQvsjMNaH8:0
[   96593ms] [ERROR] Failed to load resource: net::ERR_CONNECTION_RESET @ https://media.licdn.com/dms/image/v2/D5622AQHFWk_RL2xGyw/feedshare-shrink_800/B56ZRnqvpaGoAk-/0/1736906047166?e=1784160000&v=beta&t=UWRzS7K_4KFKsxPYtFBa5-yoHQ35Q0jxsVm8dbPRCZ0:0
[   96593ms] [ERROR] Failed to load resource: net::ERR_CONNECTION_RESET @ https://media.licdn.com/dms/image/v2/D5622AQHqmEYrBOYPVg/feedshare-shrink_800/B56ZVUt_gPGoAo-/0/1740883099044?e=1784160000&v=beta&t=qad1DTDrzTtdzBQt2i6PZektIMjZBz4BBbDcC3c1lQU:0
[   96593ms] [ERROR] Failed to load resource: net::ERR_CONNECTION_RESET @ https://media.licdn.com/dms/image/v2/D5622AQGcyUkyixs3fw/feedshare-shrink_800/B56ZVMoZlCGsAk-/0/1740747414583?e=1784160000&v=beta&t=1aduMPOwaA9gMwyL4xpooUgko86tNkjCvHpTJkQWqwQ:0
[   96593ms] [ERROR] Failed to load resource: net::ERR_CONNECTION_RESET @ https://media.licdn.com/dms/image/v2/D4D22AQFBqMRAmBwmng/feedshare-shrink_800/B4DZU3bDcqHwAg-/0/1740391594238?e=1784160000&v=beta&t=liqxzm8VJM8c3qQroQTLmN3Qfuq6kB_apGGV70oYD-4:0
[   96593ms] [ERROR] Failed to load resource: net::ERR_CONNECTION_RESET @ https://media.licdn.com/dms/image/v2/D4D22AQEmP5AoQAmjpQ/feedshare-shrink_800/B4DZP0O7zaGUAg-/0/1734969376769?e=1784160000&v=beta&t=vJt1R4w3qUkS4wxqnK_4qjRIigJhJgI3btOEgRcOJ1Y:0
[   96593ms] [ERROR] Failed to load resource: net::ERR_CONNECTION_RESET @ https://media.licdn.com/dms/image/v2/D4D22AQGx0yTalIB-Ag/feedshare-shrink_800/B4DZTlyBgaGcAg-/0/1739021885198?e=1784160000&v=beta&t=H3c18nO8AqnNNCO7nn7gqhsgiK_4qpZTaWareq9RVzA:0
[   96593ms] [ERROR] Failed to load resource: net::ERR_CONNECTION_RESET @ https://media.licdn.com/dms/image/v2/D4D22AQENKrgHuzCbpw/feedshare-shrink_800/feedshare-shrink_800/0/1734011670956?e=1784160000&v=beta&t=92t2qrOw5aV4LLJiTqxHRx5Cd2XVfQ42TTSpr-8aFqA:0
[   96593ms] [ERROR] Failed to load resource: net::ERR_CONNECTION_RESET @ https://media.licdn.com/dms/image/v2/D4D22AQGnwwVWdw8tpA/feedshare-shrink_800/feedshare-shrink_800/0/1730123281340?e=1784160000&v=beta&t=ToK_ZMRqQSwgawJ7K8NBRR-WiQGbkSjIFOsW8KFa6zk:0
[   96593ms] [ERROR] Failed to load resource: net::ERR_CONNECTION_RESET @ https://media.licdn.com/dms/image/v2/D4D22AQGtu-2SZZt4zg/feedshare-shrink_800/B4DZipqHdqHwAk-/0/1755193048039?e=1784160000&v=beta&t=hyNyv47_4A6ndttbAyoXkPfAu87ukt2vKx88lYggL84:0
[   96593ms] [ERROR] Failed to load resource: net::ERR_CONNECTION_RESET @ https://media.licdn.com/dms/image/v2/D5622AQFvAZzaVVRIrw/feedshare-shrink_800/B56Z7WrWD5HUAg-/0/1781718160620?e=1784160000&v=beta&t=XxhBEEm69o6fkY7s4s-MSu3s5m8NCvvWxJTjptMUlFg:0
[   96593ms] [ERROR] Failed to load resource: net::ERR_CONNECTION_RESET @ https://media.licdn.com/dms/image/v2/D4E22AQEJaXARZp3BEg/feedshare-shrink_800/B4EZV6.x3MHcAg-/0/1741525036858?e=1784160000&v=beta&t=S6UaOGI8WWdVkO8lMoUIMygw3YvtUlN2vqJZnNmBCBs:0
[   96593ms] [ERROR] Failed to load resource: net::ERR_CONNECTION_RESET @ https://media.licdn.com/dms/image/v2/D4E22AQEXXw_gNHuCqA/feedshare-shrink_800/B4EZabKDcxGYAg-/0/1746359829269?e=1784160000&v=beta&t=xbABCh-_4eyzruW7mPxyCCXe2FYCLn5C5WKqGFf4RX8:0
[   96593ms] [ERROR] Failed to load resource: net::ERR_CONNECTION_RESET @ https://media.licdn.com/dms/image/v2/D4E22AQGimv2tEnqvSw/feedshare-shrink_800/B4EZQNVeznGwAk-/0/1735390525001?e=1784160000&v=beta&t=OSSmgwYr7AQDXV16NsDwhj8JNKmlKFh4XsWRO9cNu3U:0
[   96593ms] [ERROR] Failed to load resource: net::ERR_CONNECTION_RESET @ https://media.licdn.com/dms/image/v2/D4D22AQGD5yO8EYldTg/feedshare-shrink_800/B4DZT_G73kHwAk-/0/1739446796636?e=1784160000&v=beta&t=dxcsxeWbkdhtVsFxo3c1K6QfklVlagEr_NYfNIDEDko:0
[   96593ms] [ERROR] Failed to load resource: net::ERR_CONNECTION_RESET @ https://media.licdn.com/dms/image/v2/D4E22AQExdL0Cs8l5IQ/feedshare-shrink_800/feedshare-shrink_800/0/1730116704857?e=1784160000&v=beta&t=UMWjAFDHnjVk8MsFMmVf9YO0Y7ZIkTDCa6q6dvSQnCI:0
[   96593ms] [ERROR] Failed to load resource: net::ERR_CONNECTION_RESET @ https://media.licdn.com/dms/image/v2/D4E22AQHobnxU2ueQqg/feedshare-shrink_800/feedshare-shrink_800/0/1728906967157?e=1784160000&v=beta&t=elrQb_Mf53owMdG95F51pk4L4ivKW4wAvdArzIRaVyc:0
[   96593ms] [ERROR] Failed to load resource: net::ERR_CONNECTION_RESET @ https://media.licdn.com/dms/image/v2/D4E22AQExs95BUH_8Jw/feedshare-shrink_800/feedshare-shrink_800/0/1727956684491?e=1784160000&v=beta&t=KpW2sxVuyHhaxu9apiBmdfGWRmn3dgbBx7zotPrQBmw:0
[   96593ms] [ERROR] Failed to load resource: net::ERR_CONNECTION_RESET @ https://media.licdn.com/dms/image/v2/D4D22AQF1GaOqgBzxMg/feedshare-shrink_800/feedshare-shrink_800/0/1727870230432?e=1784160000&v=beta&t=c2S0YKiDnAZMoG8QmdBoZWhP-pXiu9HRFgWRWuQhZ-U:0
[   96593ms] [ERROR] Failed to load resource: net::ERR_CONNECTION_RESET @ https://media.licdn.com/dms/image/v2/D4E22AQF7pK9kpsIvpw/feedshare-shrink_800/B4EZbEW2bvHIAg-/0/1747051048943?e=1784160000&v=beta&t=qSnFU4ODi6JvDNwy0OaVTO4eFwsbucpzAw2zTtdC5wk:0
[   96593ms] [ERROR] Failed to load resource: net::ERR_CONNECTION_RESET @ https://media.licdn.com/dms/image/v2/D4E22AQGh75-zE8JD6A/feedshare-shrink_800/B4EZwjKmYUG0Ag-/0/1770116507856?e=1784764800&v=beta&t=Zr4sWaJWCDtC8uBg5P-GSHhG2wyjgB4KQ6malQwrQNI:0
[   96593ms] [ERROR] Failed to load resource: net::ERR_CONNECTION_RESET @ https://media.licdn.com/dms/image/v2/D4E22AQFEuVGagX9-LQ/feedshare-shrink_800/B4EZ1CpwHvHsAg-/0/1774939735015?e=1784764800&v=beta&t=030Mc4d4fYaYMUkoYVLyx-F98QhZANZcOlH3iLNqJd4:0
[   96593ms] [ERROR] Failed to load resource: net::ERR_CONNECTION_RESET @ https://media.licdn.com/dms/image/v2/D4D1FAQELZBWKDqlCcA/feedshare-document-images_1920/B4DZ1xfrWEJYAw-/4/1775725624756?e=1783555200&v=beta&t=kZWfQ8JjUMlCOTQcYYy04EkcjwIO0p3ayLbn2ot0q_I:0
[   96593ms] [ERROR] Failed to load resource: net::ERR_CONNECTION_RESET @ https://media.licdn.com/dms/image/v2/D4D1FAQELZBWKDqlCcA/feedshare-document-images_1920/B4DZ1xfrWEJYAw-/5/1775725624756?e=1783555200&v=beta&t=ef_i009oWYY7_WW1DnLly-vCacLKRYEl8fpewzs8veM:0
[   96594ms] [ERROR] Failed to load resource: net::ERR_CONNECTION_RESET @ https://media.licdn.com/dms/image/v2/D4E22AQEmZHZ0LzJmzQ/feedshare-shrink_800/feedshare-shrink_800/0/1708066796185?e=1784160000&v=beta&t=6WwGpSAEl8OcyO-1aMcw8pdK7f4Mj8xTPi_64gccDkY:0
[   96594ms] [ERROR] Failed to load resource: net::ERR_CONNECTION_RESET @ https://media.licdn.com/dms/image/v2/D4E22AQFKo-GbVbAqVg/feedshare-shrink_800/B4EZ0ft.ZMGQAg-/0/1774353639497?e=1784160000&v=beta&t=ejrqVb9oq0BI4CoCFgik4BAPMfy0HkVDn5xoCUnHO9g:0
[   96594ms] [ERROR] Failed to load resource: net::ERR_CONNECTION_RESET @ https://media.licdn.com/dms/image/v2/D4E22AQH1l1XtAX_TAg/feedshare-shrink_800/B4EZ4Em5gzIwAc-/0/1778193766753?e=1784160000&v=beta&t=DX0jCrWAss5NqZafk0n9HXFwpijKvUrFudG3qnetom4:0
[   96594ms] [ERROR] Failed to load resource: net::ERR_CONNECTION_RESET @ https://media.licdn.com/dms/image/v2/D4E22AQFV4t1Un5cPMg/feedshare-shrink_800/B4EZ4XUXEoG8Ac-/0/1778507674285?e=1784160000&v=beta&t=fNNwaas_k6a1mwvqhcU57pnVs1JjpGOJI5ogropkmns:0
[   96594ms] [ERROR] Failed to load resource: net::ERR_CONNECTION_RESET @ https://media.licdn.com/dms/image/v2/D4E22AQHmbhuayzCoWQ/feedshare-shrink_800/B4EZ4WTycDJEAc-/0/1778490746946?e=1784160000&v=beta&t=qqv9ewwL4AKsF47nm8WOROzV8e_BRFxHnZjp8OIWjBw:0
[   96594ms] [ERROR] Failed to load resource: net::ERR_CONNECTION_RESET @ https://media.licdn.com/dms/image/v2/D4E22AQFVsBpvlj_Xow/feedshare-shrink_800/B4EZ4Xvlu.JMAg-/0/1778514812264?e=1784160000&v=beta&t=mWsbUvuP0r89QukpymEEGtRkhXxOjIDPsxl5BJSnOjQ:0
[   96594ms] [ERROR] Failed to load resource: net::ERR_CONNECTION_RESET @ https://media.licdn.com/dms/image/v2/D4E1FAQF5AQe8d2xzDg/feedshare-document-images_1920/B4EZcWg2JmHYAY-/1/1748429436311?e=1783555200&v=beta&t=bLJ8O1SXKHufzGaiC1minxieYP1TaAqm11g4JDBbtSI:0
[   96594ms] [ERROR] Failed to load resource: net::ERR_CONNECTION_RESET @ https://media.licdn.com/dms/image/v2/D4D1FAQEF9jfzVocorQ/feedshare-document-images_1920/feedshare-document-images_1920/9/1719228306682?e=1783555200&v=beta&t=-R1ah9V7Evvv8UFYLwgg5h1KspTO5IYWoof1kln83dY:0
[   96594ms] [ERROR] Failed to load resource: net::ERR_CONNECTION_RESET @ https://media.licdn.com/dms/image/v2/D4E1FAQF5AQe8d2xzDg/feedshare-document-images_1920/B4EZcWg2JmHYAY-/13/1748429436311?e=1783555200&v=beta&t=r1x4DTo4tomEAWh1mpCuvJLAd09MWBWCWUGu6it38ew:0
[   96594ms] [ERROR] Failed to load resource: net::ERR_CONNECTION_RESET @ https://media.licdn.com/dms/image/v2/D4E1FAQF5AQe8d2xzDg/feedshare-document-images_1920/B4EZcWg2JmHYAY-/14/1748429436311?e=1783555200&v=beta&t=IuDoPCvQ9jIGWI20H93Mo9l-Rai0OQXoznZcSUq-7zs:0
[   96595ms] [ERROR] Failed to load resource: net::ERR_CONNECTION_RESET @ https://media.licdn.com/dms/image/v2/D4E1FAQF5AQe8d2xzDg/feedshare-document-images_1920/B4EZcWg2JmHYAY-/12/1748429436311?e=1783555200&v=beta&t=y8RfqVrNl2KBfb2tlEZ1DgIU-R3_wMFgYexow82SLoM:0
[   96595ms] [ERROR] Failed to load resource: net::ERR_CONNECTION_RESET @ https://media.licdn.com/dms/image/v2/D4E1FAQF5AQe8d2xzDg/feedshare-document-images_1920/B4EZcWg2JmHYAY-/10/1748429436311?e=1783555200&v=beta&t=ySCaXa0phRW7eLAU8EqBAWSHqW2ksJH_AG3kmzyywuM:0
[   96595ms] [ERROR] Failed to load resource: net::ERR_CONNECTION_RESET @ https://media.licdn.com/dms/image/v2/D4E1FAQF5AQe8d2xzDg/feedshare-document-images_1920/B4EZcWg2JmHYAY-/9/1748429436311?e=1783555200&v=beta&t=3AepcpzuDGZiVq73GrmSTnBRE3WTZKwZm_G46oma6uI:0
[   96595ms] [ERROR] Failed to load resource: net::ERR_CONNECTION_RESET @ https://media.licdn.com/dms/image/v2/D4E1FAQF5AQe8d2xzDg/feedshare-document-images_1920/B4EZcWg2JmHYAY-/8/1748429436311?e=1783555200&v=beta&t=5Y-6J6wKkKzOex_oi08iWW389EJ-GuMeY__TYgyzf4o:0
[   96596ms] [ERROR] Failed to load resource: net::ERR_CONNECTION_RESET @ https://media.licdn.com/dms/image/v2/D4E22AQG6aseCo7TWpw/feedshare-shrink_800/B4EZ0NjjWmGwAc-/0/1774048917161?e=1784160000&v=beta&t=0giXhwaUg5pkz8i4UIv33oHJiC7PiWyEWBYcHTCjCUg:0
[   96596ms] [ERROR] Failed to load resource: net::ERR_CONNECTION_RESET @ https://media.licdn.com/dms/image/v2/D4E1FAQF5AQe8d2xzDg/feedshare-document-images_1920/B4EZcWg2JmHYAY-/7/1748429436311?e=1783555200&v=beta&t=QlifqmaRYu8uavC0QURhixBjHmgB-WucmmjFLrEgER8:0
[   96596ms] [ERROR] Failed to load resource: net::ERR_CONNECTION_RESET @ https://media.licdn.com/dms/image/v2/D4E22AQHX66lmbKeDew/feedshare-shrink_800/B4EZwoi.PUH8Ag-/0/1770206782664?e=1784160000&v=beta&t=sCv5MMEDzNKj2nLSFJWVeBY_4Z8cyOTwLfWe2B4unw8:0
[   96597ms] [ERROR] Failed to load resource: net::ERR_CONNECTION_RESET @ https://media.licdn.com/dms/image/v2/D4E22AQGDwQMqXMp0pw/feedshare-shrink_800/B4EZwzKcAvKAAg-/0/1770384900460?e=1784160000&v=beta&t=pYkok8v4sQxeoUniEVGydbBbyUmqYCjkTYUXvlkCrik:0
[   96598ms] [ERROR] Failed to load resource: net::ERR_CONNECTION_RESET @ https://media.licdn.com/dms/image/v2/D4E22AQF3Bn8wWmIVqA/feedshare-shrink_800/B4EZvlMlu3GkAg-/0/1769076841681?e=1784160000&v=beta&t=EL40sflSO3Wt_rljGUIpAhYT_vmVugC3YXEpaYzC1Ic:0
[   96599ms] [ERROR] Failed to load resource: net::ERR_CONNECTION_RESET @ https://media.licdn.com/dms/image/v2/D4E22AQGsGqw8KyIXxQ/feedshare-shrink_800/B4EZxHLjLZIgAg-/0/1770720736336?e=1784160000&v=beta&t=BwRhKkIl34DhcHthGINbM7OzxYGzbYkW5sCq0uHGT5I:0
[   96599ms] [ERROR] Failed to load resource: net::ERR_CONNECTION_RESET @ https://media.licdn.com/dms/image/v2/D4E22AQEDWCulOyaz6w/feedshare-shrink_800/B4EZwvtuXMIMAg-/0/1770327041973?e=1784160000&v=beta&t=BVdWtZZS1mUnf0ZxaJF0N91ZbL08FKJ_VjKe5_vAp4M:0
[   96600ms] [ERROR] Failed to load resource: net::ERR_CONNECTION_RESET @ https://media.licdn.com/dms/image/v2/D4E1FAQF5AQe8d2xzDg/feedshare-document-images_1920/B4EZcWg2JmHYAY-/15/1748429436311?e=1783555200&v=beta&t=uilFRa1O4b7aTkLY9sfNAxWJ0N1clxaRo1KD8kj54fc:0
[   96600ms] [ERROR] Failed to load resource: net::ERR_CONNECTION_RESET @ https://media.licdn.com/dms/image/v2/D4E22AQFamktGLnJpVQ/feedshare-shrink_800/B4EZwy9FaAHcAg-/0/1770381400414?e=1784160000&v=beta&t=c1fMKMUpncArGLPGBzdg43spMHCMTxyGxInjKuPm7yY:0
[   96600ms] [ERROR] Failed to load resource: net::ERR_CONNECTION_RESET @ https://media.licdn.com/dms/image/v2/D4E1FAQF5AQe8d2xzDg/feedshare-document-images_1920/B4EZcWg2JmHYAY-/11/1748429436311?e=1783555200&v=beta&t=rD9Uauwn2z9JFNCjy5mkY_AI9ahMNv2_Xx-wkQOo9Ys:0
[   96600ms] [ERROR] Failed to load resource: net::ERR_CONNECTION_RESET @ https://media.licdn.com/dms/image/v2/D4D22AQG3xAuIl7ZgUA/feedshare-shrink_800/B4DZye4AVVHIAg-/0/1772192007822?e=1784160000&v=beta&t=9rLHZtFJ8dBIbj1rgmOxsJodUDdl0O4CKYYuad0nQA4:0
[   96601ms] [ERROR] Failed to load resource: net::ERR_CONNECTION_RESET @ https://media.licdn.com/dms/image/v2/D4E22AQGdNlpfFPoBVA/feedshare-shrink_800/B4EZyqVtM8H8Ag-/0/1772384343181?e=1784160000&v=beta&t=K4bIIAGaZGxOLHgrs4caG3GCLSvTr-hmmvHidTd20K0:0
[   96601ms] [ERROR] Failed to load resource: net::ERR_CONNECTION_RESET @ https://media.licdn.com/dms/image/v2/D4E22AQGgSklz8H124w/feedshare-shrink_800/B4EZxIXT6bI0Ag-/0/1770740596722?e=1784160000&v=beta&t=yRkwTEO1iNyCOAVHBroVJ6x40QJOL0sahCrNQHOPUQk:0
[   96602ms] [ERROR] Failed to load resource: net::ERR_CONNECTION_RESET @ https://media.licdn.com/dms/image/v2/D4D22AQHVybGG-D7xrg/feedshare-shrink_800/B4DZybaYNNJwAg-/0/1772133909654?e=1784160000&v=beta&t=fU13eaDWwGkkO9Ab7BstuBl7V_MmceHGHDXRL-JJKtg:0
[   96602ms] [ERROR] Failed to load resource: net::ERR_CONNECTION_RESET @ https://media.licdn.com/dms/image/v2/D4E22AQFWWUA7P1M1_g/feedshare-shrink_800/B4EZyE64EgH8Ag-/0/1771756552864?e=1784160000&v=beta&t=kZ0SxegSs3YM3ZtwRvL2xmgl7rcC9W81BQILAcTuFNs:0
[   96603ms] [ERROR] Failed to load resource: net::ERR_CONNECTION_RESET @ https://media.licdn.com/dms/image/v2/D4E22AQEKEzkJQTZrDQ/feedshare-shrink_800/B4EZwpEpxzH4Ag-/0/1770215612873?e=1784160000&v=beta&t=p8UZHhiFpUedeRF9eDEm8EPBsSm9wIw9H2w5eRnejCU:0
[   96603ms] [ERROR] Failed to load resource: net::ERR_CONNECTION_RESET @ https://media.licdn.com/dms/image/v2/D4E22AQGSY4_Siz7UKQ/feedshare-shrink_800/B4EZxMa0TaGoAg-/0/1770808624715?e=1784160000&v=beta&t=BhCEioO1R_B51xwPXud6SYP1ia717t_FkCKO-N-QwSU:0
[   96604ms] [ERROR] Failed to load resource: net::ERR_CONNECTION_RESET @ https://media.licdn.com/dms/image/v2/D4E22AQEisD9e8dPF7w/feedshare-shrink_800/B4EZzECNrOHgAg-/0/1772815440836?e=1784160000&v=beta&t=rt8HstBnlXS2qnZ6winvFA9ljsFCDle-nq_WvY9bs2c:0
[   96604ms] [ERROR] Failed to load resource: net::ERR_CONNECTION_RESET @ https://media.licdn.com/dms/image/v2/D4E22AQG1zWjl44oaew/feedshare-shrink_800/B4EZyqkdYdIsAg-/0/1772388212849?e=1784160000&v=beta&t=3Aarle_IiEtCpkZ-MWfKBckb31x--2eymezKI9RfFGo:0
[   96605ms] [ERROR] Failed to load resource: net::ERR_CONNECTION_RESET @ https://media.licdn.com/dms/image/v2/D4E22AQE9Ev9Eu8hjnA/feedshare-shrink_800/B4EZyv0kXcGgAg-/0/1772476319519?e=1784160000&v=beta&t=esvIJaYzsbQVImcjaKUKeKoJsOrPfDE7OalvakHZyCI:0
[   96605ms] [ERROR] Failed to load resource: net::ERR_CONNECTION_RESET @ https://media.licdn.com/dms/image/v2/D4E22AQGiH3ztcreOjQ/feedshare-shrink_800/B4EZyzWhaKJIAg-/0/1772535551918?e=1784160000&v=beta&t=IgTDiXlS7Ir5LQkjJyDPZiGyWPYi4r7ZeV8hMINKXo4:0
[   96606ms] [ERROR] Failed to load resource: net::ERR_CONNECTION_RESET @ https://media.licdn.com/dms/image/v2/D4E22AQFj0cgsraWoZQ/feedshare-shrink_800/feedshare-shrink_800/0/1723449361577?e=1784160000&v=beta&t=OT3yR32kJdGi6NDhHy2VmUykAHbTeHgkKS_BuXAJZig:0
[   96606ms] [ERROR] Failed to load resource: net::ERR_CONNECTION_RESET @ https://media.licdn.com/dms/image/v2/D4D22AQHk56vwnkXblw/feedshare-shrink_800/feedshare-shrink_800/0/1709281604576?e=1784160000&v=beta&t=Gq2SjdCW0yusxWnvr243pvVZt-Krtn80XNSGoljVh5A:0
[   96607ms] [ERROR] Failed to load resource: net::ERR_CONNECTION_RESET @ https://media.licdn.com/dms/image/v2/D4E22AQFvzLCIBjWoTg/feedshare-shrink_800/feedshare-shrink_800/0/1707777942796?e=1784160000&v=beta&t=5S_13nIp1u0d18UOLg-rChxAC70DzyL9Su-wE8ptCv4:0
[   96607ms] [ERROR] Failed to load resource: net::ERR_CONNECTION_RESET @ https://media.licdn.com/dms/image/v2/D4E22AQGvMZAMvBi8JQ/feedshare-shrink_800/feedshare-shrink_800/0/1706513933006?e=1784160000&v=beta&t=PiRQZQq_r6U9FrcyGilMN2yKI_f6EKRlwN4hjv6drzI:0
[   96607ms] [ERROR] Failed to load resource: net::ERR_CONNECTION_RESET @ https://media.licdn.com/dms/image/v2/D4E22AQGmcv4Z97pAGw/feedshare-shrink_800/feedshare-shrink_800/0/1705911232946?e=1784160000&v=beta&t=rK8Q_oHPeQ-DxZiRkKpQj_GIkVFeoatTIeFSexCEaPY:0
[   96608ms] [ERROR] Failed to load resource: net::ERR_CONNECTION_RESET @ https://media.licdn.com/dms/image/v2/D4E22AQH3iVBPqYUoqg/feedshare-shrink_800/B4EZ0HURU3HYAc-/0/1773944247943?e=1784160000&v=beta&t=-S-V0YuQEAKV4pv7y_TMalmKk8QqiXNu4Vue3QbKHh4:0
[   96608ms] [ERROR] Failed to load resource: net::ERR_CONNECTION_RESET @ https://media.licdn.com/dms/image/v2/D4E22AQHb8VE9QyPqXQ/feedshare-shrink_800/B4EZz9xS1jJ0Ac-/0/1773784084624?e=1784160000&v=beta&t=M5Z27mPqaCZU8hTe0MtapT7hD6UR9pfL1gH9CRBg1gE:0
[   96609ms] [ERROR] Failed to load resource: net::ERR_CONNECTION_RESET @ https://media.licdn.com/dms/image/v2/D4E22AQH0E-7E0Hckug/feedshare-shrink_800/B4EZgX5aU6GoAg-/0/1752747594237?e=1784160000&v=beta&t=IK8mXei1hhf839bcKXJlpDgtyd8XX9JTBasRRjpaCPs:0
[   96609ms] [ERROR] Failed to load resource: net::ERR_CONNECTION_RESET @ https://media.licdn.com/dms/image/v2/D4E22AQHf9XjhLKPicg/feedshare-shrink_800/B4EZdjtP4ZHYAg-/0/1749724498626?e=1784160000&v=beta&t=oRlzPSj3jq4V2xOQRVLbvWEmlVTe0g05iOvStFO4Qqk:0
[   96610ms] [ERROR] Failed to load resource: net::ERR_CONNECTION_RESET @ https://media.licdn.com/dms/image/v2/D4E22AQHp6RRMRa7g5A/feedshare-shrink_800/B4EZc6N4NlGcAg-/0/1749028410500?e=1784160000&v=beta&t=7de-OP2bwAOnv2TQPhSFE3i1RS4LZEUwZ5CsA45wDDM:0
[   96610ms] [ERROR] Failed to load resource: net::ERR_CONNECTION_RESET @ https://media.licdn.com/dms/image/v2/D4E22AQGihsAb_gFWCA/feedshare-shrink_800/B4EZWUxZ.JHgAk-/0/1741957737487?e=1784160000&v=beta&t=LtI8RijqnZEvd0BHBhUqJQFGXBK98RXn69iR5gAxWDI:0
[   96610ms] [ERROR] Failed to load resource: net::ERR_CONNECTION_RESET @ https://media.licdn.com/dms/image/v2/D4D22AQFTkQxAu5lbVg/feedshare-shrink_800/B4DZUS7sdnG4Ak-/0/1739779395380?e=1784160000&v=beta&t=Twzdh7ChOqjQoT-9_eaDEKdTrujQ-75jLYOlYo4_LcI:0
[   96611ms] [ERROR] Failed to load resource: net::ERR_CONNECTION_RESET @ https://media.licdn.com/dms/image/v2/D4E22AQEinhnuvWCfJg/feedshare-shrink_800/B4EZ8DZcBuIcAc-/0/1782468428579?e=1784160000&v=beta&t=-qxNzRCzTFqIM2RxnM6MNn1f51L4Ylbwp5wcEXvH7Vo:0
[   96611ms] [ERROR] Failed to load resource: net::ERR_CONNECTION_RESET @ https://media.licdn.com/dms/image/v2/D4E22AQHxjCG0IW2Kmw/feedshare-shrink_800/B4EZvWUkBgI4Ag-/0/1768827281443?e=1784160000&v=beta&t=hLrU_HkYlYvAmLHOc74tCMgtnjQO_6ANsSuSdfIvtlk:0
[   96612ms] [ERROR] Failed to load resource: net::ERR_CONNECTION_RESET @ https://media.licdn.com/dms/image/v2/D4D22AQGkj0QaUXFHHw/feedshare-shrink_800/B4DZ3fCdXfIEAc-/0/1777563457420?e=1784160000&v=beta&t=Vo4yabY9Sd1DrzgwTdlQmumtbHigBfM1FB_oW1pWuhg:0
[   96612ms] [ERROR] Failed to load resource: net::ERR_CONNECTION_RESET @ https://media.licdn.com/dms/image/v2/D4E22AQGCaLOuayxVhg/feedshare-shrink_800/B4EZoC5djxHoAg-/0/1760985209760?e=1784160000&v=beta&t=eEyjUYzMyGvCtI49nVupVspUlvESQQqNG-W2gjf2uzY:0
[   96612ms] [ERROR] Failed to load resource: net::ERR_CONNECTION_RESET @ https://media.licdn.com/dms/image/v2/D4E22AQHESaJKZujkow/feedshare-shrink_800/B4EZyH1UvCIkAg-/0/1771805429034?e=1784160000&v=beta&t=j1jaCFHHmvNLds1KyTu8k6XsNvQryDdnd1mjrQpjObo:0
[   96612ms] [ERROR] Failed to load resource: net::ERR_CONNECTION_RESET @ https://media.licdn.com/dms/image/v2/D4E22AQFYiwxKUwLmdg/feedshare-shrink_800/B4EZyXYSHgH0Ag-/0/1772066251535?e=1784160000&v=beta&t=LzfGrF6HELWCT73Eky9ZernO0PSGIGHEMRdkILvBC5g:0
[   96613ms] [ERROR] Failed to load resource: net::ERR_CONNECTION_RESET @ https://media.licdn.com/dms/image/v2/D4E22AQE-Naw3LXZ5Mg/feedshare-shrink_800/B4EZ06HURlIUAg-/0/1774796490113?e=1784160000&v=beta&t=A4RrXjpvzKiK-xs9clIsAaz6G4nIxbdnsi1RgTZ8gxY:0
[   96613ms] [ERROR] Failed to load resource: net::ERR_CONNECTION_RESET @ https://media.licdn.com/dms/image/v2/D4E22AQESXKqTma83kA/feedshare-shrink_800/B4EZ2srv9xGYAc-/0/1776718643379?e=1784160000&v=beta&t=6kb85PQDVXg4Avo9O3hiSQ6_bkZvYMovUKgd0ER6JHs:0
[   96613ms] [ERROR] Failed to load resource: net::ERR_CONNECTION_RESET @ https://media.licdn.com/dms/image/v2/D4E22AQG3_o1dSwtHFA/feedshare-shrink_800/B4EZz4ixx.JoAg-/0/1773696392655?e=1784160000&v=beta&t=cTzaiWcaD_5jFUDXOjdS2wvXwqgtWyHKAk3laV8zHTA:0
[   96613ms] [ERROR] Failed to load resource: net::ERR_CONNECTION_RESET @ https://media.licdn.com/dms/image/v2/D4E22AQG_86qQ-ztCaQ/feedshare-shrink_800/B4EZ77sfnMJYAc-/0/1782339205923?e=1784160000&v=beta&t=UdTsqfG_zCWm4vnL_li3KVJXlPpPKlhZT--Cvxk3wQU:0
[   96614ms] [ERROR] Failed to load resource: net::ERR_CONNECTION_RESET @ https://media.licdn.com/dms/image/v2/D4E22AQHWlqm-eXG5Wg/feedshare-shrink_800/B4EZ64oVpSJYAg-/0/1781214043005?e=1784160000&v=beta&t=Jk8kqCuP64yhQkwsZTBfRZcdcOTJ7UkoA514MfwnEZ0:0
[   96614ms] [ERROR] Failed to load resource: net::ERR_CONNECTION_RESET @ https://media.licdn.com/dms/image/v2/D4E22AQH5xwxf5dba6A/feedshare-shrink_800/B4EZ5MWtgoJ0Ag-/0/1779397482875?e=1784160000&v=beta&t=4ugmiBA0C6RSehWihHaVKe-5ry-73fSE70a2wfhKeS4:0
[   96615ms] [ERROR] Failed to load resource: net::ERR_CONNECTION_RESET @ https://media.licdn.com/dms/image/v2/D4E22AQHCbsk8paE0bA/feedshare-shrink_800/B4EZ6uWFghIMAc-/0/1781041486411?e=1784160000&v=beta&t=D67tKmsEtBF-I5B60B-r7s2P1VsTqDPqOKcu4liXP6U:0
[   96615ms] [ERROR] Failed to load resource: net::ERR_CONNECTION_RESET @ https://media.licdn.com/dms/image/v2/D4E22AQGsBYI0ojPCfA/feedshare-shrink_800/B4EZ0bdnrTHQAc-/0/1774282243105?e=1784160000&v=beta&t=FDGFMI3G24tKph2a18wKMOXmQoZjKMB0Wq1wcY3hhWM:0
[   96615ms] [ERROR] Failed to load resource: net::ERR_CONNECTION_RESET @ https://media.licdn.com/dms/image/v2/D4E22AQFvhBiie5uSqw/feedshare-shrink_800/B4EZ0NkGRxIgAc-/0/1774049060222?e=1784160000&v=beta&t=8vxaOzrGgGQqtGqYh-wcbfiv7J6fkzWENtlAq6L3MYg:0
[   96615ms] [ERROR] Failed to load resource: net::ERR_CONNECTION_RESET @ https://media.licdn.com/dms/image/v2/D4E22AQHfKwUjEZgGKg/feedshare-shrink_800/B4EZ0C4Vu9JUAc-/0/1773869817094?e=1784160000&v=beta&t=eBMknqxrEkOT-orMZxV6_8R-2uOO-nr_nFGf6W3cTuo:0
[   96616ms] [ERROR] Failed to load resource: net::ERR_CONNECTION_RESET @ https://media.licdn.com/dms/image/v2/D4E22AQGEOvX9PTbhLg/feedshare-shrink_800/B4EZ0thE0iIwAc-/0/1774585138771?e=1784160000&v=beta&t=FyasOqouuxZZiTLZP6mA1jlAMZkgYnj8lIKRj9O0T9k:0
[   96616ms] [ERROR] Failed to load resource: net::ERR_CONNECTION_RESET @ https://media.licdn.com/dms/image/v2/D4E22AQFo7SQJeBH63A/feedshare-shrink_800/B4EZ0nAZlsJcAg-/0/1774475909865?e=1784160000&v=beta&t=tuIBNSOVpIBVyfK5wFicwHz4QNpYyU8UPP1-45YaRp0:0
[   96616ms] [ERROR] Failed to load resource: net::ERR_CONNECTION_RESET @ https://media.licdn.com/dms/image/v2/D4E22AQHw4vkpmZU8Fg/feedshare-shrink_800/B4EZ0.L7SdG0Ak-/0/1774864807607?e=1784160000&v=beta&t=eqVfsmBf-8v2JG_6Mq9gy-z9yAn27lOH74WPdJa2Mmw:0
[   96617ms] [ERROR] Failed to load resource: net::ERR_CONNECTION_RESET @ https://media.licdn.com/dms/image/v2/D4E22AQFqiwm4dYgAJw/feedshare-shrink_800/B4EZ0hSLoLJEAg-/0/1774379907956?e=1784160000&v=beta&t=7lA9NZpYukgKnKT5H4ddrsdLzCpPsA1jlpHQgE4kigI:0
[   96617ms] [ERROR] Failed to load resource: net::ERR_CONNECTION_RESET @ https://media.licdn.com/dms/image/v2/D4E22AQHcftCZwrfKiQ/feedshare-shrink_800/B4EZ1Bk.HaHUAc-/0/1774921704182?e=1784160000&v=beta&t=ERn1Cer19c4PFcXPr8nikQVVIE0ejs336XRQIWQRc2U:0
[   96617ms] [ERROR] Failed to load resource: net::ERR_CONNECTION_RESET @ https://media.licdn.com/dms/image/v2/D4E22AQEpRQ8b0b-54w/feedshare-shrink_800/B4EZ0xYCoYI4Ac-/0/1774649879371?e=1784160000&v=beta&t=E-Oj6I_qaDAdQrdzs76LxhDCCypfDMSQjxXDrbn1ikk:0
[   96618ms] [ERROR] Failed to load resource: net::ERR_CONNECTION_RESET @ https://media.licdn.com/dms/image/v2/D4E22AQEO7RZ1X7pLpw/feedshare-shrink_800/B4EZ1TUDpfIQAc-/0/1775219260272?e=1784160000&v=beta&t=9J_9h6jcRlISiLz1w3cbtoLH80fH4YSU7WeUXQS8b4s:0
[   96619ms] [ERROR] Failed to load resource: net::ERR_CONNECTION_RESET @ https://media.licdn.com/dms/image/v2/D4E22AQF5URZReDUyaw/feedshare-shrink_800/B4EZ0w9s4HJAAc-/0/1774642974629?e=1784160000&v=beta&t=3pJCaHxjAQ917ouZisYMyy3UsS39aB367m-mKdM5UpE:0
[   96619ms] [ERROR] Failed to load resource: net::ERR_CONNECTION_RESET @ https://media.licdn.com/dms/image/v2/D4E22AQFRoTbezYEoGQ/feedshare-shrink_800/B4EZ1UPwbNGQAc-/0/1775234910182?e=1784160000&v=beta&t=WYWyKUfs3nwW0JEbvjixdUYGGbA3eQj36SoCpG8z63I:0
[   96619ms] [ERROR] Failed to load resource: net::ERR_CONNECTION_RESET @ https://media.licdn.com/dms/image/v2/D4E22AQHMW3KE587Lhw/feedshare-shrink_800/B4EZ1uBXuOJMAc-/0/1775667346813?e=1784160000&v=beta&t=dC4OV8B2bOcs37oQJVadDsfIBXBoMMxDqYD7HVllH6s:0
[   96620ms] [ERROR] Failed to load resource: net::ERR_CONNECTION_RESET @ https://media.licdn.com/dms/image/v2/D4E22AQHfIRR77Aj5lQ/feedshare-shrink_800/B4EZ1njjqEI0Ac-/0/1775558867860?e=1784160000&v=beta&t=6UOdCN1jyUGqzz2W2ZuBvlKMsMRCNear37vuVfznTtk:0
[   96620ms] [ERROR] Failed to load resource: net::ERR_CONNECTION_RESET @ https://media.licdn.com/dms/image/v2/D4E22AQGqLkek2c2cXQ/feedshare-shrink_800/B4EZ1uncRCIwAc-/0/1775677326678?e=1784160000&v=beta&t=EmzVnD1mmiPlUCB6cu2M9XrRtZ31UL0ERx9gzWgFNFc:0
[   96621ms] [ERROR] Failed to load resource: net::ERR_CONNECTION_RESET @ https://media.licdn.com/dms/image/v2/D4E22AQGwZ3S2ALfaNg/feedshare-shrink_800/B4EZ1730dgJwAc-/0/1775899723952?e=1784160000&v=beta&t=mX42xM31J_z6NFLkv0xiYj9e9AqRdA_j4P-giHDq30E:0
[   96621ms] [ERROR] Failed to load resource: net::ERR_CONNECTION_RESET @ https://media.licdn.com/dms/image/v2/D4E22AQHUWsBu5fqsmg/feedshare-shrink_800/B4EZyv_foeIMAg-/0/1772479183699?e=1784160000&v=beta&t=H30zxRB90DF8NxRcl6F3PZq9e9C8p_0wJzGvtQAd5iY:0
[   96621ms] [ERROR] Failed to load resource: net::ERR_CONNECTION_RESET @ https://media.licdn.com/dms/image/v2/D4E22AQFyad4MIBMRWg/feedshare-shrink_800/B4EZ14z.PkI0Ac-/0/1775848384082?e=1784160000&v=beta&t=1UZp6x2wJAeOBr-ii4hYKtfmxC7xW3k_UwvuIPcPEQY:0
[   96621ms] [ERROR] Failed to load resource: net::ERR_CONNECTION_RESET @ https://media.licdn.com/dms/image/v2/D4E22AQFqV0fQ_cPOeQ/feedshare-shrink_800/B4EZ2MOJ.tJsAo-/0/1776174014719?e=1784160000&v=beta&t=HpQdIWEzeJLAMga7nVGauG4GQ-Li0kQgmif67oMaTFw:0
[   96622ms] [ERROR] Failed to load resource: net::ERR_CONNECTION_RESET @ https://media.licdn.com/dms/image/v2/D4E22AQH3LwcYrLAJiw/feedshare-shrink_800/B4EZ2Iz5RPKEAc-/0/1776116798854?e=1784160000&v=beta&t=H69ERz-nXwzDLNHh4i2a9Wv3kQsX_uXbWYnitwMz2TI:0
[   96622ms] [ERROR] Failed to load resource: net::ERR_CONNECTION_RESET @ https://media.licdn.com/dms/image/v2/D5622AQHX6f3_nzRMcQ/feedshare-shrink_800/B56Z2Xo6sRKcAg-/0/1776365579317?e=1784160000&v=beta&t=FGHQbOMKXcGLzJK__vS4HgdMz-TK7f0-f1U0Vch3ipI:0
[   96622ms] [ERROR] Failed to load resource: net::ERR_CONNECTION_RESET @ https://media.licdn.com/dms/image/v2/D5622AQETi_Ug-zn_cA/feedshare-shrink_800/B56Z2XEW8WKwAc-/0/1776355995840?e=1784160000&v=beta&t=g2SY18SYedTc3MsDtmUi4t8UdIjhMTct5Qo_ueqvyvM:0
[   96623ms] [ERROR] Failed to load resource: net::ERR_CONNECTION_RESET @ https://media.licdn.com/dms/image/v2/D4E22AQF9Lhi36tqNSA/feedshare-shrink_800/B4EZ2ehozXIcAc-/0/1776481111628?e=1784160000&v=beta&t=ITWZl_f9fbbDiTRwS5HnmWW7G_x79CuFwOoMbU3kZd4:0
[   96623ms] [ERROR] Failed to load resource: net::ERR_CONNECTION_RESET @ https://media.licdn.com/dms/image/v2/D4E22AQEgNWC7a3h03g/feedshare-shrink_800/B4EZ2iDHvnJ0Ac-/0/1776540220808?e=1784160000&v=beta&t=4MnhuKJnp-AustydakYKqn31nLmMk7IwSRJf7LkBaAM:0
[   96623ms] [ERROR] Failed to load resource: net::ERR_CONNECTION_RESET @ https://media.licdn.com/dms/image/v2/D4E22AQFPyYB_pAvGTA/feedshare-shrink_800/B4EZ2vQ1N2J8Ac-/0/1776761918653?e=1784160000&v=beta&t=gfP6H-80IY0F8jxmTi1ghBvTKWRyLKMqdrwsBaML070:0
[   96623ms] [ERROR] Failed to load resource: net::ERR_CONNECTION_RESET @ https://media.licdn.com/dms/image/v2/D4E22AQGF8GltKj_Fnw/feedshare-shrink_800/B4EZ2byXOMJUAg-/0/1776435164351?e=1784160000&v=beta&t=_V_b5QFs712O2llsgYIdO2RnNanMcKuQViZM3S0-Svc:0
[   96624ms] [ERROR] Failed to load resource: net::ERR_CONNECTION_RESET @ https://media.licdn.com/dms/image/v2/D4E22AQENU3f8pghvyQ/feedshare-shrink_800/B4EZ25h10lJcAg-/0/1776934149736?e=1784160000&v=beta&t=V9D41itGdDkrmQBaRflomYZ3rwcrB3FN2LML83v3AlM:0
[   96624ms] [ERROR] Failed to load resource: net::ERR_CONNECTION_RESET @ https://media.licdn.com/dms/image/v2/D4E22AQFqSm8hijZVhA/feedshare-shrink_800/B4EZ254QqkHcAc-/0/1776940026876?e=1784160000&v=beta&t=Hvbwb7Fu1y2y9SwLKM2XgYQUtUUuib2UA77ppcMxHwU:0
[   96624ms] [ERROR] Failed to load resource: net::ERR_CONNECTION_RESET @ https://media.licdn.com/dms/image/v2/D4E22AQFB_NsiUKhqQA/feedshare-shrink_800/B4EZ2_fSbpH0Ac-/0/1777034143888?e=1784160000&v=beta&t=r0T0eH15u6lRWlTdRFCGGA5i5TZX6ecPffyLZKjlQUg:0
[   96624ms] [ERROR] Failed to load resource: net::ERR_CONNECTION_RESET @ https://media.licdn.com/dms/image/v2/D4E22AQEWnAz786p22g/feedshare-shrink_800/B4EZ2_Ox.oIIAg-/0/1777029816524?e=1784160000&v=beta&t=zrUyUJofXZCfdlckX1vc3ekzB02uM-PYYBPcaWbaKJo:0
[   96625ms] [ERROR] Failed to load resource: net::ERR_CONNECTION_RESET @ https://media.licdn.com/dms/image/v2/D4E22AQFCJCKyigdZEA/feedshare-shrink_800/B4EZ2_WyicKYAc-/0/1777031915940?e=1784160000&v=beta&t=byjeYWAD3-krufgc9FzP_sa7mazVv0nuapkMyFqjFf0:0
[   96625ms] [ERROR] Failed to load resource: net::ERR_CONNECTION_RESET @ https://media.licdn.com/dms/image/v2/D4E22AQFnOTEWtzHC5Q/feedshare-shrink_800/B4EZ262KQ8GYAc-/0/1776956253521?e=1784160000&v=beta&t=mMrHsRm07h_EvzsCaM9nknFQpMmsw9DmO_qw6ZVi7Zs:0
[   96625ms] [ERROR] Failed to load resource: net::ERR_CONNECTION_RESET @ https://media.licdn.com/dms/image/v2/D4E22AQHkjei4PCX_sA/feedshare-shrink_800/B4EZ3YwCo.IMAc-/0/1777457965888?e=1784160000&v=beta&t=DZORIpfcEyr9V8sJcPRx68hPKH97jM6o5nSYtiaRZDE:0
[   96626ms] [ERROR] Failed to load resource: net::ERR_CONNECTION_RESET @ https://media.licdn.com/dms/image/v2/D4E22AQEXcu0RYKAgfA/feedshare-shrink_800/B4EZ3YmsEzJUAc-/0/1777455514211?e=1784160000&v=beta&t=P4ZLgGk8MMbVrCvRlUxdx-D07HDwoJSa9qX7tha8JTs:0
[   96626ms] [ERROR] Failed to load resource: net::ERR_CONNECTION_RESET @ https://media.licdn.com/dms/image/v2/D4E22AQHdoJ0nSo_WZQ/feedshare-shrink_800/B4EZ3PnG2iJoAk-/0/1777304628934?e=1784160000&v=beta&t=f_pGt569m-EbAWurKpIpI7iYBXqEurrnCLTHjzWVqeU:0
[   96626ms] [ERROR] Failed to load resource: net::ERR_CONNECTION_RESET @ https://media.licdn.com/dms/image/v2/D4E22AQEDU8KGsOtcXw/feedshare-shrink_800/B4EZ3ZcVQVJQAc-/0/1777469576531?e=1784160000&v=beta&t=qIfHxKKwW_L4VJsRlltO1GQTQv1Diz34eti8yjW1de4:0
[   96627ms] [ERROR] Failed to load resource: net::ERR_CONNECTION_RESET @ https://media.licdn.com/dms/image/v2/D4E22AQG94D9JxZtugg/feedshare-shrink_800/B4EZ3jLN2rJkAg-/0/1777632861929?e=1784160000&v=beta&t=c0UCv5GBkImOxiWrRGb_ytsqD6dIqWnPKI57HYKvsYw:0
[   96627ms] [ERROR] Failed to load resource: net::ERR_CONNECTION_RESET @ https://media.licdn.com/dms/image/v2/D4E22AQGW109EPdx_RA/feedshare-shrink_800/B4EZ3diZ12JoAc-/0/1777538277082?e=1784160000&v=beta&t=7OEAKF9d94gR6iITEWlwEEOQ4MMrs0miFTNIkd-RUF8:0
[   96627ms] [ERROR] Failed to load resource: net::ERR_CONNECTION_RESET @ https://media.licdn.com/dms/image/v2/D5622AQHpDLog4vwqGw/feedshare-shrink_800/B56Z38oKrcGgAc-/0/1778059881463?e=1784160000&v=beta&t=gJicDym7V6aS888uk2bVTeELSMB8e-Tb4WH_XPB36c4:0
[   96627ms] [ERROR] Failed to load resource: net::ERR_CONNECTION_RESET @ https://media.licdn.com/dms/image/v2/D4E22AQH6dN9BdiDOtA/feedshare-shrink_800/B4EZ3tmhjgH8Ac-/0/1777807792625?e=1784160000&v=beta&t=A-MRAzNckLVoZ-7Xr-aIZb0aefhV2Uz3PsIYAPMECHc:0
[   96628ms] [ERROR] Failed to load resource: net::ERR_CONNECTION_RESET @ https://media.licdn.com/dms/image/v2/D4E22AQGe1P_VQTl0yg/feedshare-shrink_800/B4EZ330teOK8Ac-/0/1777979283607?e=1784160000&v=beta&t=oHRVxETal-jMMerQ62_m-VkI4qFedfDf3s_-aWwQbqI:0
[   96628ms] [ERROR] Failed to load resource: net::ERR_CONNECTION_RESET @ https://media.licdn.com/dms/image/v2/D4E22AQG6Ahsvzlpnlw/feedshare-shrink_800/B4EZ4HGpMVIMAc-/0/1778235643001?e=1784160000&v=beta&t=0l7M-_sOObtmavqb3n_Att3zsPhqOsFawl15IimEjwk:0
[   96628ms] [ERROR] Failed to load resource: net::ERR_CONNECTION_RESET @ https://media.licdn.com/dms/image/v2/D4E22AQEwQfHPbgdmqg/feedshare-shrink_800/B4EZ4N7ZZzJ4Ac-/0/1778350135194?e=1784160000&v=beta&t=NLt9kTIkzK8QUU_3WHTS0f4gtrduSoThtKYVFcZ5ygY:0
[  118571ms] [ERROR] Failed to load resource: net::ERR_CONNECTION_CLOSED @ https://media.licdn.com/dms/image/v2/D4E22AQEftKvjNapvWA/feedshare-shrink_800/B4EZ7VE0WYIkAk-/0/1781691270912?e=1783555200&v=beta&t=FzaEPaOvffrwfC51GrH5gKLfhfZDN1JpfxjoQ_asT3g:0
[  118606ms] [ERROR] Failed to load resource: net::ERR_CONNECTION_CLOSED @ https://media.licdn.com/dms/image/v2/D4E22AQHdzSKnxoGLbg/feedshare-shrink_800/B4EZ7Kv77xJgAc-/0/1781518024774?e=1783555200&v=beta&t=CwLRRrSbI3lvPRSwgq2-J9MZV92XSsZzP5ZZGpieTUU:0
[  118606ms] [ERROR] Failed to load resource: net::ERR_CONNECTION_CLOSED @ https://media.licdn.com/dms/image/v2/D4E22AQHiq3DZZgBYgw/feedshare-shrink_800/B4EZ62Il86JsAc-/0/1781172166796?e=1783555200&v=beta&t=fJ8Mm4wwTacIHBzT9D48jkvelMaQGHhlELmJ2zb4eaI:0
[  118606ms] [ERROR] Failed to load resource: net::ERR_CONNECTION_CLOSED @ https://media.licdn.com/dms/image/v2/D4E22AQGwTdyPs8FXuQ/feedshare-shrink_800/B4EZ7aMaXYKcAc-/0/1781777147683?e=1783555200&v=beta&t=pEZKp13MGUrgrkUcBBs0LHu1qdqVnsKkCziwNxdJdUs:0
[  118606ms] [ERROR] Failed to load resource: net::ERR_CONNECTION_CLOSED @ https://media.licdn.com/dms/image/v2/D4E22AQFo2cTPdqvkkw/feedshare-shrink_800/B4EZ7fRBaCJYAc-/0/1781862242217?e=1783555200&v=beta&t=7lt7SDx33WkGYOROSPpq-ze00JMphYRFd4_49a6hMEU:0
[  118606ms] [ERROR] Failed to load resource: net::ERR_CONNECTION_CLOSED @ https://media.licdn.com/dms/image/v2/D4E22AQFrarXyRawW7g/feedshare-shrink_800/B4EZ7u15vKIkAs-/0/1782123568390?e=1783555200&v=beta&t=kNGI8ShIkpiwGQgvPQK-3HHTY6g1qyUJAO81nRbLqgw:0
[  118606ms] [ERROR] Failed to load resource: net::ERR_CONNECTION_CLOSED @ https://media.licdn.com/dms/image/v2/D4E22AQGA1VOIlIhl5A/feedshare-shrink_800/B4EZ7z5_fcIcAk-/0/1782208538997?e=1783555200&v=beta&t=P5TQWsIKac4HfXHjPaxhryJt32DozTax2GP7-kmJKRQ:0
[  118607ms] [ERROR] Failed to load resource: net::ERR_QUIC_PROTOCOL_ERROR @ https://media.licdn.com/dms/image/v2/D5622AQGSsnNaNlzA6Q/feedshare-shrink_800/B56Zq1.pSgHIAk-/0/1763989691585?e=1784160000&v=beta&t=syShqGgd4KD1J-oDuWLCbIA4d6nNucL9v4rGPh6UZdQ:0
[  118607ms] [ERROR] Failed to load resource: net::ERR_QUIC_PROTOCOL_ERROR @ https://media.licdn.com/dms/image/v2/D4D22AQFK6ie9JSFwmg/feedshare-shrink_800/B4DZ3NZ_T6G4Ag-/0/1777267637190?e=1784160000&v=beta&t=wc43cbAJl8D98Sh42SDJAV3Jfb7DiKKBtVnRz9b5KLY:0
[  118607ms] [ERROR] Failed to load resource: net::ERR_QUIC_PROTOCOL_ERROR @ https://media.licdn.com/dms/image/v2/D4E22AQHSxT7bvlJLvA/feedshare-shrink_800/B4EZo4c1smKcAg-/0/1761883676031?e=1784160000&v=beta&t=WsQuxEHKh9erH3giz6N2acTVNRws5rxuTq9gJi341vc:0
[  118607ms] [ERROR] Failed to load resource: net::ERR_QUIC_PROTOCOL_ERROR @ https://media.licdn.com/dms/image/v2/D5622AQFKQE0k3eRRdw/feedshare-shrink_800/B56Z1JJNrRKgAc-/0/1775048645622?e=1784160000&v=beta&t=hkWui0jEePuq5UWUPDTridlOgY2HIXyJ3Phv6jUSuso:0
[  118607ms] [ERROR] Failed to load resource: net::ERR_QUIC_PROTOCOL_ERROR @ https://media.licdn.com/dms/image/v2/D5622AQGNNguGXCT6-w/feedshare-shrink_800/B56Z3db1GMKUAc-/0/1777536553647?e=1784160000&v=beta&t=h43sTXq9aVGi9dbPLqEZESofAPrQhNTIFEygPioqnas:0
[  118608ms] [ERROR] Failed to load resource: net::ERR_QUIC_PROTOCOL_ERROR @ https://media.licdn.com/dms/image/v2/D5622AQH4ZokiiOJfjg/feedshare-shrink_800/B56ZtJx482GsAs-/0/1766469376013?e=1784160000&v=beta&t=OVa82-vG0UwDXXTlz8N-YEz6mMwuEDjcMGro8XMBXRg:0
[  118608ms] [ERROR] Failed to load resource: net::ERR_QUIC_PROTOCOL_ERROR @ https://media.licdn.com/dms/image/v2/D5622AQFAjMmUsUlkCA/feedshare-shrink_800/B56Z7at9sBGsAc-/0/1781785952914?e=1783555200&v=beta&t=jzKxJjM2f9ZZOIXPfwu6GR92QoXRQLIbaDwN15Yyxsc:0
[  118608ms] [ERROR] Failed to load resource: net::ERR_QUIC_PROTOCOL_ERROR @ https://media.licdn.com/dms/image/v2/D5622AQG6QtcmmTzwvA/feedshare-shrink_800/B56Z0ZjxoWGgAc-/0/1774250302264?e=1784160000&v=beta&t=ble1cVgpO1k3oKdHBvc4rZe0MNZw8TJ1yQsM_YncI8Y:0
[  118608ms] [ERROR] Failed to load resource: net::ERR_QUIC_PROTOCOL_ERROR @ https://media.licdn.com/dms/image/v2/D4E22AQFRjs7Sgk23Zg/feedshare-shrink_800/B4EZ2QpaOmKEAc-/0/1776248268206?e=1783555200&v=beta&t=V8nVVMdVQpTuCnLX796jgsn2AtujcjaYjjBHd9mE4Ho:0
[  118608ms] [ERROR] Failed to load resource: net::ERR_QUIC_PROTOCOL_ERROR @ https://media.licdn.com/dms/image/v2/D4E22AQG8tERCw3oWwg/feedshare-shrink_800/B4EZ0GXSXKHUAg-/0/1773928261448?e=1784160000&v=beta&t=M3dROmZnJt4NmiYSyAcQsfU5qXX6jc5WvQTksB4fDGI:0
[  118608ms] [ERROR] Failed to load resource: net::ERR_QUIC_PROTOCOL_ERROR @ https://media.licdn.com/dms/image/v2/D4E22AQGyUTAHG3efjw/feedshare-shrink_800/B4EZ11.ieQGYAc-/0/1775800822491?e=1784160000&v=beta&t=jQdOTxdpusYEL_xrpNPr_AxzXpR-sgioIKP1S2Vv7EU:0
[  118608ms] [ERROR] Failed to load resource: net::ERR_QUIC_PROTOCOL_ERROR @ https://media.licdn.com/dms/image/v2/D4D22AQGyjc7dukuv1Q/feedshare-shrink_800/B4DZ7Qh_jZKAAg-/0/1781615040038?e=1783555200&v=beta&t=tFNdTH0a-MNxLpwgOYgFvUwozqHCUL5n6vCc8H-wPa4:0
[  118609ms] [ERROR] Failed to load resource: net::ERR_QUIC_PROTOCOL_ERROR @ https://media.licdn.com/dms/image/v2/D4E22AQGtcEbAaEdvGg/feedshare-shrink_800/B4EZ6xAbOcJkAc-/0/1781086139626?e=1783555200&v=beta&t=7atmGn_JV0lm7F4R8Nja9PrsSYL_dHlhe_lRLvBiI48:0
[  118610ms] [ERROR] Failed to load resource: net::ERR_QUIC_PROTOCOL_ERROR @ https://media.licdn.com/dms/image/v2/D4E22AQGrFgec5N60kw/feedshare-shrink_800/B4EZtavT4NKkAg-/0/1766753911836?e=1784160000&v=beta&t=PC6ezKOZEixNraG4wX0RRpusp5uGxtKEJOfCvMZ_Fic:0
[  118610ms] [ERROR] Failed to load resource: net::ERR_QUIC_PROTOCOL_ERROR @ https://media.licdn.com/dms/image/v2/D5622AQHhjpnRJVxxcA/feedshare-shrink_800/B56Z46Gex6IQAc-/0/1779091238312?e=1784160000&v=beta&t=j8KJtHN1lM3efBZcdN7nOfWHhnCr7hkU9iNcmD_1GKA:0
[  118610ms] [ERROR] Failed to load resource: net::ERR_QUIC_PROTOCOL_ERROR @ https://media.licdn.com/dms/image/v2/D5622AQEcCeAHZ9FvKQ/feedshare-shrink_800/B56ZisJFuzHMAk-/0/1755234721609?e=1784160000&v=beta&t=VDZAD2HQdePcacWFBx1oglaVjepokXVWRgK3PJX2iJE:0
[  118611ms] [ERROR] Failed to load resource: net::ERR_QUIC_PROTOCOL_ERROR @ https://media.licdn.com/dms/image/v2/D4E22AQFeUH2R246HzA/feedshare-shrink_800/B4EZ1R7bJSHUAc-/0/1775196026021?e=1784160000&v=beta&t=JWOOuNDbom9z1nUuRvIZ5q5FuE4uoOiu1yXMs2lwFKw:0
[  118611ms] [ERROR] Failed to load resource: net::ERR_QUIC_PROTOCOL_ERROR @ https://media.licdn.com/dms/image/v2/D4E22AQFmfGDvNxYRGA/feedshare-shrink_800/B4EZ2wD6kjJcAc-/0/1776775310156?e=1783555200&v=beta&t=jwLkRLxWGYj0w3gTC5IJcoZIWSfksvwCTwzfCn8c6jA:0
[  118611ms] [ERROR] Failed to load resource: net::ERR_QUIC_PROTOCOL_ERROR @ https://media.licdn.com/dms/image/v2/D5622AQEpEN6hk_PSHg/feedshare-shrink_800/B56Z5eKV4aGkAc-/0/1779696230217?e=1783555200&v=beta&t=RJPzaKrOrAMDV3kX1AoF4TZ0ZQh2mokDVUetlZ7SMWQ:0
[  118611ms] [ERROR] Failed to load resource: net::ERR_QUIC_PROTOCOL_ERROR @ https://media.licdn.com/dms/image/v2/D4E22AQGoOdeeQHBGSw/feedshare-shrink_800/B4EZaqFdtKHYAk-/0/1746610286290?e=1784160000&v=beta&t=4xjjcdJKQI0dwZ9YddXsZjizdJQ0ZMfAtJgE6246Fl0:0
[  118611ms] [ERROR] Failed to load resource: net::ERR_QUIC_PROTOCOL_ERROR @ https://media.licdn.com/dms/image/v2/D4E22AQEAnQLikjGtoQ/feedshare-shrink_800/B4EZ2q53R9G0Ac-/0/1776688788906?e=1783555200&v=beta&t=olKfnoUVDMB2Pbg_x-jCUyKY7vlkvx3GIM7H1ZB2oXo:0
[  118611ms] [ERROR] Failed to load resource: net::ERR_QUIC_PROTOCOL_ERROR @ https://media.licdn.com/dms/image/v2/D5622AQFzC1ANk1U7mw/feedshare-shrink_800/B56Z5JjOz1JwAc-/0/1779350433707?e=1784160000&v=beta&t=dbtHHcisGyD35XZGEWQv9-8L3g8EKPVV6iCgXCNgjkM:0
[  118611ms] [ERROR] Failed to load resource: net::ERR_QUIC_PROTOCOL_ERROR @ https://media.licdn.com/dms/image/v2/D4D22AQEV2BfPq2GmAQ/feedshare-shrink_800/feedshare-shrink_800/0/1730517739844?e=1784160000&v=beta&t=Fve_kU5MOvWHm2jU6DuZWxMLCF57jOew67eJKE4TTpk:0
[  118611ms] [ERROR] Failed to load resource: net::ERR_QUIC_PROTOCOL_ERROR @ https://media.licdn.com/dms/image/v2/D5622AQEo9qOQ9oGIpw/feedshare-shrink_800/B56ZlKI5hFJwAg-/0/1757885472311?e=1784160000&v=beta&t=8Z7Y4NL7ZU8K5Sqz9w6RJWZJr6WZe1ccB3KJp2Y9gzg:0
[  118612ms] [ERROR] Failed to load resource: net::ERR_QUIC_PROTOCOL_ERROR @ https://media.licdn.com/dms/image/v2/D5622AQEyrB2RrIxbJA/feedshare-shrink_800/B56Znm5QVTJ8Ak-/0/1760515393891?e=1784160000&v=beta&t=34TQ7srCOU1TZT_UDdU2ks-kr_p6-rJifb7Nus-5i1U:0
[  118612ms] [ERROR] Failed to load resource: net::ERR_QUIC_PROTOCOL_ERROR @ https://media.licdn.com/dms/image/v2/D5622AQGDM48-v05n-g/feedshare-shrink_800/B56Z45zopwJwAc-/0/1779086297962?e=1783555200&v=beta&t=_VDM_c5a3vq04C28-AII3VX9wkoELLABVBeFBe6wcEg:0
[  118612ms] [ERROR] Failed to load resource: net::ERR_QUIC_PROTOCOL_ERROR @ https://media.licdn.com/dms/image/v2/D5622AQHiBSrNXgJsXg/feedshare-shrink_800/B56ZrAe8nuJ8Ag-/0/1764165930754?e=1784160000&v=beta&t=9c0ZiGC4iDwVZE2oCpvN2q0SY9q2MPMmr0v-XX6y4QA:0
[  118613ms] [ERROR] Failed to load resource: net::ERR_QUIC_PROTOCOL_ERROR @ https://media.licdn.com/dms/image/v2/D5622AQFO4xqlaNgTSw/feedshare-shrink_800/feedshare-shrink_800/0/1706675203027?e=1784160000&v=beta&t=0AhuTT91hnJAX9HzE8WX4P_m1dbExF07urDmMzoJXQY:0
[  118613ms] [ERROR] Failed to load resource: net::ERR_QUIC_PROTOCOL_ERROR @ https://media.licdn.com/dms/image/v2/D4D22AQHBwVuxjDQfNA/feedshare-shrink_800/B4DZSX5WEDGkAg-/0/1737715183336?e=1784160000&v=beta&t=DAm7rR1OZ01_-qC3aHMpelhZG7EPfmVk_nd4IR3aySk:0
[  118613ms] [ERROR] Failed to load resource: net::ERR_QUIC_PROTOCOL_ERROR @ https://media.licdn.com/dms/image/v2/D4D22AQGKdEtkRlY-Gg/feedshare-shrink_800/B4DZyTm6hbJYAg-/0/1772002979798?e=1784160000&v=beta&t=LavFo7Qbc4j4OtGIdKemHYbFjYfaMLag0exwHmXpfFM:0
[  118614ms] [ERROR] Failed to load resource: net::ERR_QUIC_PROTOCOL_ERROR @ https://media.licdn.com/dms/image/v2/D4D22AQHtfa4H8Ulv5w/feedshare-shrink_800/B4DZjywsa9G8Ag-/0/1756419508983?e=1784160000&v=beta&t=txiC-NsTk44M5yARmyOF6kVBdQAqNIsFp2yECDCZEzY:0
[  118614ms] [ERROR] Failed to load resource: net::ERR_QUIC_PROTOCOL_ERROR @ https://media.licdn.com/dms/image/v2/D4E22AQFyX_3gca-slA/feedshare-shrink_800/B4EZ7ARkTNK0Ac-/0/1781342291485?e=1783555200&v=beta&t=1ohuSfzOb4nM03ZyoY_5hUubCZ5NqbXHmfaB6koQNpc:0
[  118614ms] [ERROR] Failed to load resource: net::ERR_QUIC_PROTOCOL_ERROR @ https://media.licdn.com/dms/image/v2/D5622AQFmhU2b86Tq4Q/feedshare-shrink_800/B56Z7e66bnH4Ac-/0/1781856446519?e=1783555200&v=beta&t=mM9kks0P2Cxi1fQoojcUvmrmXSmAPMealNtiN40_FTw:0
[  118614ms] [ERROR] Failed to load resource: net::ERR_QUIC_PROTOCOL_ERROR @ https://media.licdn.com/dms/image/v2/D5622AQGBWOYE5q75UQ/feedshare-shrink_800/B56ZdYxoRFHUAg-/0/1749541095692?e=1784160000&v=beta&t=nC2NGk8wGBarvdIK2phScLBl0HOAeEF7lHyhB2_-_8Y:0
[  118614ms] [ERROR] Failed to load resource: net::ERR_QUIC_PROTOCOL_ERROR @ https://media.licdn.com/dms/image/v2/D4E22AQGF5iXZD5ArCw/feedshare-shrink_800/B4EZ3PGTNOIcAc-/0/1777296028798?e=1783555200&v=beta&t=wnuSTk7Dt0QMk7KhIMRmdOJTbWwyN0dky3mzwOMyVP4:0
[  118615ms] [ERROR] Failed to load resource: net::ERR_QUIC_PROTOCOL_ERROR @ https://media.licdn.com/dms/image/v2/D5622AQELjfSe61K48A/feedshare-shrink_800/B56ZmZo8wRJsAg-/0/1759219273864?e=1784160000&v=beta&t=rShHCvhRLEA9FAtDD5HftVCDACrbVxu09puSCoh4yaA:0
[  118615ms] [ERROR] Failed to load resource: net::ERR_QUIC_PROTOCOL_ERROR @ https://media.licdn.com/dms/image/v2/D5622AQFJ5k4FReF01w/feedshare-shrink_800/B56Z70ovH5H4Ag-/0/1782220792969?e=1783555200&v=beta&t=uDSWQTvypzY7QFue3ih6peAB5cziCAFCNDTmAXH2iWM:0
[  118615ms] [ERROR] Failed to load resource: net::ERR_QUIC_PROTOCOL_ERROR @ https://media.licdn.com/dms/image/v2/D4E22AQGwGHIdsvUk_A/feedshare-shrink_800/B4EZ0zrU6EGwAc-/0/1774688489417?e=1783555200&v=beta&t=rC3hd9zC_kVaTmYEd2k1GAokybZ89RGLOAbYjyV0k2I:0
[  118616ms] [ERROR] Failed to load resource: net::ERR_QUIC_PROTOCOL_ERROR @ https://media.licdn.com/dms/image/v2/D5622AQF7f9bWG5rltA/feedshare-shrink_800/B56Znn.ul6J4Ag-/0/1760533606188?e=1784160000&v=beta&t=BQUsvoXG2xIp_-gzUYQwNmyJhUCuHcMIwq7cxF8Fqr8:0
[  118616ms] [ERROR] Failed to load resource: net::ERR_QUIC_PROTOCOL_ERROR @ https://media.licdn.com/dms/image/v2/D4D22AQGl4uLcPfuHpw/feedshare-shrink_800/B4DZt4duGLIYAg-/0/1767252621676?e=1784160000&v=beta&t=wPXBIhioT1Pkzc-YwDx5mvx8PT6qmtcNOd4u7gICmRg:0
[  118616ms] [ERROR] Failed to load resource: net::ERR_QUIC_PROTOCOL_ERROR @ https://media.licdn.com/dms/image/v2/D5622AQEpBb23NWu1Vw/feedshare-shrink_800/B56Z4lUGdEGgAc-/0/1778742487180?e=1783555200&v=beta&t=AAISkZqZiEd_kHNXZn9eIICobO0FGvngx6HGOZmO_0s:0
[  118616ms] [ERROR] Failed to load resource: net::ERR_QUIC_PROTOCOL_ERROR @ https://media.licdn.com/dms/image/v2/D4D22AQHemFjkhMgM0Q/feedshare-shrink_800/B4DZk2hLXIHYAk-/0/1757556296650?e=1784160000&v=beta&t=3C6eYTs3og-ml_5_rcRLLX2x2J_QAFObZbbxE0cjfQ0:0
[  118617ms] [ERROR] Failed to load resource: net::ERR_QUIC_PROTOCOL_ERROR @ https://media.licdn.com/dms/image/v2/D5622AQHzxi9E8EHvgA/feedshare-shrink_800/B56Z450OotIEBc-/0/1779086453563?e=1783555200&v=beta&t=wNTvFYnqEH5mGj51Seu8x_5FPp4cZaChy7sfMl81zh4:0
[  118617ms] [ERROR] Failed to load resource: net::ERR_QUIC_PROTOCOL_ERROR @ https://media.licdn.com/dms/image/v2/D4E22AQGs6q7xw_rgBw/feedshare-shrink_800/B4EZ1Is576IEAg-/0/1775041224987?e=1784160000&v=beta&t=IHlxXgD6oTAFCvOAyGB4xQb5xFLeVqJoxWMzFBExqh4:0
[  118617ms] [ERROR] Failed to load resource: net::ERR_QUIC_PROTOCOL_ERROR @ https://media.licdn.com/dms/image/v2/D5622AQGbhC32OqrqSA/feedshare-shrink_800/B56Z7zfyp5GQAc-/0/1782201658254?e=1783555200&v=beta&t=CvF5jM-Zh1dEr9_49eiG744lscmdLujIWs_ow5MBTvs:0
[  118618ms] [ERROR] Failed to load resource: net::ERR_QUIC_PROTOCOL_ERROR @ https://media.licdn.com/dms/image/v2/D5622AQHyEioIdOgZRw/feedshare-shrink_800/B56Zs_.f88LAAg-/0/1766304908380?e=1784160000&v=beta&t=zQo2cpkqwontTVFnTLlZLCI2m9X85Q3Be2-5Y4TIuBk:0
[  118618ms] [ERROR] Failed to load resource: net::ERR_QUIC_PROTOCOL_ERROR @ https://media.licdn.com/dms/image/v2/D5622AQHWsnMwU-jO4Q/feedshare-shrink_800/B56Z7KJbQQIMAc-/0/1781507929422?e=1783555200&v=beta&t=vLTJ-go6jNXe7B8UsSxiKvZUl7TQHN-K3LlPCXQWAFQ:0
[  118619ms] [ERROR] Failed to load resource: net::ERR_QUIC_PROTOCOL_ERROR @ https://media.licdn.com/dms/image/v2/D5622AQGnJg-dfT_o6w/feedshare-shrink_800/B56Z7vnuKCJAAc-/0/1782136636740?e=1783555200&v=beta&t=Aw7ORv05-2HE1F871_Q7K_IsoiauATaVqS52v25kn5A:0
[  118619ms] [ERROR] Failed to load resource: net::ERR_QUIC_PROTOCOL_ERROR @ https://media.licdn.com/dms/image/v2/D5622AQHNNkRd0eGR1Q/feedshare-shrink_800/B56ZRoJnWRG8Ak-/0/1736914139309?e=1784160000&v=beta&t=dSLylg5fquSIi50FYfRyRqkmvNLJ7UbKIbp9DcyvHE0:0
[  118619ms] [ERROR] Failed to load resource: net::ERR_QUIC_PROTOCOL_ERROR @ https://media.licdn.com/dms/image/v2/D4E22AQFTE14t_vXTZg/feedshare-shrink_800/B4EZ4CQIhtJoAg-/0/1778154244745?e=1783555200&v=beta&t=1XEzL3WijNwRN3nN7p3wwtJGEjeqxixt1-9LvSRLxzM:0
[  118620ms] [ERROR] Failed to load resource: net::ERR_QUIC_PROTOCOL_ERROR @ https://media.licdn.com/dms/image/v2/D4E22AQFCYuAGyyXUUg/feedshare-shrink_800/B4EZxiavW5I0Ag-/0/1771177710998?e=1784160000&v=beta&t=kPSjENWRcbWXe0sMabgsDXmZ4ZIgrqFt08PNX6-DWiU:0
[  118620ms] [ERROR] Failed to load resource: net::ERR_QUIC_PROTOCOL_ERROR @ https://media.licdn.com/dms/image/v2/D5622AQE8OGrLUWSvkQ/feedshare-shrink_800/B56ZoG4oLmKAAg-/0/1761052106747?e=1784160000&v=beta&t=eRrYUn5UeKoAKbNnaSFm3GqsVXVhLjuj707O-sGHQwM:0
[  118620ms] [ERROR] Failed to load resource: net::ERR_QUIC_PROTOCOL_ERROR @ https://media.licdn.com/dms/image/v2/D4E22AQFggamwaG2myg/feedshare-shrink_800/B4EZ0a5cIzG4Ac-/0/1774272758611?e=1784160000&v=beta&t=dmqRsOcaFkqNfOLwiul_cf9BD7mg693SoToLbuopoMc:0
[  118621ms] [ERROR] Failed to load resource: net::ERR_QUIC_PROTOCOL_ERROR @ https://media.licdn.com/dms/image/v2/D4E22AQFTXGRd4GpSgA/feedshare-shrink_800/B4EZznaHQ9GUAk-/0/1773408908702?e=1784160000&v=beta&t=8WYljZEGdnxMDNHF6NRCJtQ7aCnrUn9dPhWiSpC01GI:0
[  118621ms] [ERROR] Failed to load resource: net::ERR_QUIC_PROTOCOL_ERROR @ https://media.licdn.com/dms/image/v2/D4E22AQGEtxCfLRQCyA/feedshare-shrink_800/B4EZaPpQFeHkAg-/0/1746166689736?e=1784160000&v=beta&t=3pu3MdAwuS9vQYkht-ME3rEcyoRP_puOoh7F8ZWrvy0:0
[  118621ms] [ERROR] Failed to load resource: net::ERR_QUIC_PROTOCOL_ERROR @ https://media.licdn.com/dms/image/v2/D4E22AQGjXNoDJ9za-Q/feedshare-shrink_800/B4EZSNUl4WGgAg-/0/1737537776829?e=1784160000&v=beta&t=r3Sf-Hd1d9vvVJRD-F76Iwfp_XqEdulodfCB-H0VDDM:0
[  118622ms] [ERROR] Failed to load resource: net::ERR_QUIC_PROTOCOL_ERROR @ https://media.licdn.com/dms/image/v2/D4E22AQHFm817AuRldg/feedshare-shrink_800/B4EZ2Pug83KEAc-/0/1776232829533?e=1784160000&v=beta&t=3EEDR-2iXT3o6fui1Bu24dwVBB4lLRwhW-8RN3lJxqw:0
[  118622ms] [ERROR] Failed to load resource: net::ERR_QUIC_PROTOCOL_ERROR @ https://media.licdn.com/dms/image/v2/C4D22AQE-7b0peRzq4g/feedshare-shrink_800/feedshare-shrink_800/0/1654076373025?e=1784160000&v=beta&t=4snpJtWoIMOmFtFKQQE_6K_wWQcKisG-SdxVITFe_IM:0
[  118623ms] [ERROR] Failed to load resource: net::ERR_QUIC_PROTOCOL_ERROR @ https://media.licdn.com/dms/image/v2/D5622AQFvFRdNyqrJnA/feedshare-shrink_800/B56ZxHa7HhIcAg-/0/1770724766547?e=1784160000&v=beta&t=AiqAkd1pFTW2tnA214bpty2H6aDuoxNet8rzu7Y8O_4:0
[  118623ms] [ERROR] Failed to load resource: net::ERR_QUIC_PROTOCOL_ERROR @ https://media.licdn.com/dms/image/v2/D4E22AQHinc6_SKtmHQ/feedshare-shrink_800/B4EZ3yimgkIAAg-/0/1777890650595?e=1783555200&v=beta&t=0qubt6yCgIw3Yi8i-5tiNteukFhWuTAP3HyH3LyCYKo:0
[  118623ms] [ERROR] Failed to load resource: net::ERR_QUIC_PROTOCOL_ERROR @ https://media.licdn.com/dms/image/v2/D5622AQFWGf7KZ2Mkvw/feedshare-shrink_800/B56Z3x7yGrKwAc-/0/1777880474357?e=1783555200&v=beta&t=qBSXSmFYc9dKuGx7DXcDVxV8dduskcCT8kbyN2N3_UA:0
[  118623ms] [ERROR] Failed to load resource: net::ERR_QUIC_PROTOCOL_ERROR @ https://media.licdn.com/dms/image/v2/D4D22AQF1JrV3wRz3EQ/feedshare-shrink_800/B4DZ5jQD0MJUAk-/0/1779781615168?e=1783555200&v=beta&t=V9Vr2oSliLCowj03bz-wmLBuavUIZQsO43Q7ba6j6Rc:0
[  118624ms] [ERROR] Failed to load resource: net::ERR_QUIC_PROTOCOL_ERROR @ https://media.licdn.com/dms/image/v2/D5622AQHla0jiI-m4dw/feedshare-shrink_800/B56ZncPDrmG4Ag-/0/1760336561622?e=1784160000&v=beta&t=m1h1piakS-OrNuKATEpX0Vta8WIiwQBHwnJahhHpg-s:0
[  118624ms] [ERROR] Failed to load resource: net::ERR_QUIC_PROTOCOL_ERROR @ https://media.licdn.com/dms/image/v2/D5622AQGyV3xxngHLfA/feedshare-shrink_800/B56Zns34GMKAAo-/0/1760615695890?e=1784160000&v=beta&t=t-H93GUHPwuBUkb_ozF-ZQ2xd2Z1wKuHwq87hyWBf00:0
[  118624ms] [ERROR] Failed to load resource: net::ERR_QUIC_PROTOCOL_ERROR @ https://media.licdn.com/dms/image/v2/D5622AQGrkBCfIS7SFg/feedshare-shrink_800/B56Z5tjQvwGkAc-/0/1779954421041?e=1783555200&v=beta&t=9ZQ4YmeC--LAPrWGs7pePfvkEnVkW-xVgjjx0Kd8hwM:0
[  118624ms] [ERROR] Failed to load resource: net::ERR_QUIC_PROTOCOL_ERROR @ https://media.licdn.com/dms/image/v2/D4E22AQGO23J_ClD8nQ/feedshare-shrink_800/B4EZ2.Zs0lGYAc-/0/1777015901921?e=1783555200&v=beta&t=QQ9Ulemy0ANrv6sjIYBBXo88luPSc9j_Ry4ym-NSnyI:0
[  118625ms] [ERROR] Failed to load resource: net::ERR_QUIC_PROTOCOL_ERROR @ https://media.licdn.com/dms/image/v2/D4E22AQGCTZEhWeIGrQ/feedshare-shrink_800/B4EZz17A1RGUAc-/0/1773652423079?e=1784160000&v=beta&t=hN9NLuE57Ckjj-t6LisO1l71Z15IWXkKBGy4XE2T_-M:0
[  118625ms] [ERROR] Failed to load resource: net::ERR_QUIC_PROTOCOL_ERROR @ https://media.licdn.com/dms/image/v2/D4E22AQFaq81UzQEzKw/feedshare-shrink_800/B4EZ5o0uPIK0Ac-/0/1779875129180?e=1783555200&v=beta&t=nXzCr-9rfuY_0uCQSlCNa5ud67K0vDckLw3E1BLXYWU:0
[  118625ms] [ERROR] Failed to load resource: net::ERR_QUIC_PROTOCOL_ERROR @ https://media.licdn.com/dms/image/v2/D4E22AQHMxzr9aZPfKg/feedshare-image-high-res/B4EZ5PVFcTH0AU-/0/1779447388160?e=1783555200&v=beta&t=YRk3xefqsLbnTItGIwggrYhS7p2Bq7zEBKThDaOe7o0:0
[  118626ms] [ERROR] Failed to load resource: net::ERR_QUIC_PROTOCOL_ERROR @ https://media.licdn.com/dms/image/v2/D5622AQE5X7HEeVUghQ/feedshare-shrink_800/B56Z38T4GlIoAc-/0/1778054562965?e=1783555200&v=beta&t=APrfxWh2kgQcnl1jag8hg8ZzjcZjfCixli1cTiB1VYE:0
[  118627ms] [ERROR] Failed to load resource: net::ERR_QUIC_PROTOCOL_ERROR @ https://media.licdn.com/dms/image/v2/D5622AQFO10TYm_PMcQ/feedshare-shrink_800/B56ZpuFc1BHAAg-/0/1762783515057?e=1784160000&v=beta&t=vdye57VA7tgHs-uZoJANrGqtcptIrWy6Kip6Q1N_DpI:0
[  118627ms] [ERROR] Failed to load resource: net::ERR_QUIC_PROTOCOL_ERROR @ https://media.licdn.com/dms/image/v2/D5622AQH_QYYB2sjz8Q/feedshare-shrink_800/B56ZqasfK4HkAg-/0/1763531948201?e=1784160000&v=beta&t=aMYgbBrNHz3dbHhVbhHJoc1mwAGFnQPZEMuzkNCRpt4:0
[  118627ms] [ERROR] Failed to load resource: net::ERR_QUIC_PROTOCOL_ERROR @ https://media.licdn.com/dms/image/v2/D5622AQF1LMPX-iIL3w/feedshare-shrink_800/B56Z61sluII4Ag-/0/1781164825782?e=1783555200&v=beta&t=msoiGR-oA4TU3yWKlq1B7-SkGPoRti3_42OGT4xVpTs:0
[  118627ms] [ERROR] Failed to load resource: net::ERR_QUIC_PROTOCOL_ERROR @ https://media.licdn.com/dms/image/v2/D4E22AQHLc4RTtDJNuQ/feedshare-shrink_800/B4EZwO.rDAKAAg-/0/1769777836560?e=1784160000&v=beta&t=nhdhXEXZ-suPILIUHR48TZj6V6_U-vSsTNQPL89QsvE:0
[  118628ms] [ERROR] Failed to load resource: net::ERR_QUIC_PROTOCOL_ERROR @ https://media.licdn.com/dms/image/v2/D4E22AQGB3ynjmxi4oQ/feedshare-shrink_800/B4EZ4HM0ytIMAc-/0/1778237263505?e=1784160000&v=beta&t=lTDOf1Fv-xB_leA_efvAc74nk5Vx4v4dsDFT8FvYzas:0
[  118628ms] [ERROR] Failed to load resource: net::ERR_QUIC_PROTOCOL_ERROR @ https://media.licdn.com/dms/image/v2/D5622AQE4KQsStdoRYQ/feedshare-shrink_800/B56Z4bI2B.HwAY-/0/1778571764094?e=1783555200&v=beta&t=cOK0OgazDrsdeYG3DbCYpUq8Z_CEYKkvedIzmPLzU1o:0
[  118628ms] [ERROR] Failed to load resource: net::ERR_QUIC_PROTOCOL_ERROR @ https://media.licdn.com/dms/image/v2/D5622AQHjZvVSMsGTAQ/feedshare-shrink_800/B56Z6mRdeVIAAc-/0/1780906055865?e=1783555200&v=beta&t=cSssKcmxGtVS5hbr1GXoYZWTXtFdph_30bn21i662ho:0
[  118628ms] [ERROR] Failed to load resource: net::ERR_QUIC_PROTOCOL_ERROR @ https://media.licdn.com/dms/image/v2/D5622AQFgZ0znLBuHDA/feedshare-shrink_800/B56ZpJvOxOHQAg-/0/1762173711085?e=1784160000&v=beta&t=e3mHE4AWFtH81HnkCHh9mONW2_AywhQYQP8mqn5wno4:0
[  118629ms] [ERROR] Failed to load resource: net::ERR_QUIC_PROTOCOL_ERROR @ https://media.licdn.com/dms/image/v2/D5622AQFp1tL6wuBGXA/feedshare-shrink_800/B56ZmjpUGGHQAg-/0/1759387147978?e=1784160000&v=beta&t=rhanKQDeeHnxRODsHpZcxfoVtBKm5BmHrMteCATjZZs:0
[  118629ms] [ERROR] Failed to load resource: net::ERR_QUIC_PROTOCOL_ERROR @ https://media.licdn.com/dms/image/v2/D5622AQHOok-aWFpNLA/feedshare-shrink_800/B56Z5oBUIgHAAg-/0/1779861635870?e=1783555200&v=beta&t=rlRKqxUO0ud_J_wrW55hNf-Xlays07jGhB8EUAuhKBw:0
[  118630ms] [ERROR] Failed to load resource: net::ERR_QUIC_PROTOCOL_ERROR @ https://media.licdn.com/dms/image/v2/D5622AQGrlpnjPJlU8Q/feedshare-shrink_800/B56Z5ysPpAGkAc-/0/1780040661804?e=1783555200&v=beta&t=quS5_bxSFQ77rRXuCVYuIES6UxHJvQjQ4v499FHVLMM:0
[  118630ms] [ERROR] Failed to load resource: net::ERR_QUIC_PROTOCOL_ERROR @ https://media.licdn.com/dms/image/v2/D4E22AQEkK7tF-y8G-g/feedshare-shrink_800/B4EZ5uSGQJGQAc-/0/1779966699004?e=1783555200&v=beta&t=nvg_gPllpOH7Y1wvOqi4WikcEspquciFxRcQGtqxRFw:0
[  118631ms] [ERROR] Failed to load resource: net::ERR_QUIC_PROTOCOL_ERROR @ https://media.licdn.com/dms/image/v2/C4D22AQGaR0AXlgeiWw/feedshare-shrink_800/feedshare-shrink_800/0/1655537439754?e=1784160000&v=beta&t=z22OK8CgC_IWSNBxCo3sHfU8eFQyOIY5wtyLdWf9EaY:0
[  118631ms] [ERROR] Failed to load resource: net::ERR_QUIC_PROTOCOL_ERROR @ https://media.licdn.com/dms/image/v2/D4E22AQGf76g6L03EgA/feedshare-shrink_800/B4EZ5UEgWbKoAc-/0/1779526928059?e=1783555200&v=beta&t=dAuKcMd0RcdP1wyFRiK3B8XI9u3VAsa9AvzQuXnc7kk:0
[  118632ms] [ERROR] Failed to load resource: net::ERR_QUIC_PROTOCOL_ERROR @ https://media.licdn.com/dms/image/v2/D4E22AQEIkS17vFAVOw/feedshare-shrink_800/B4EZ0k6xavIQAc-/0/1774440880134?e=1783555200&v=beta&t=V_SMfpIs461p1NdFwTqUAoNgb2GlUA8sQ1fK6JqwuHQ:0
[  118632ms] [ERROR] Failed to load resource: net::ERR_QUIC_PROTOCOL_ERROR @ https://media.licdn.com/dms/image/v2/D4E22AQEiz8irDaU2NQ/feedshare-shrink_800/B4EZy36_UaHMAg-/0/1772612220628?e=1784160000&v=beta&t=TAXapO39WJSojXYM8d94y2tp0WYFcQHFJzgnJvf21Ow:0
[  118632ms] [ERROR] Failed to load resource: net::ERR_QUIC_PROTOCOL_ERROR @ https://media.licdn.com/dms/image/v2/D5622AQEQ_EKoNnN9pQ/feedshare-shrink_800/B56ZlI6Yd.G0Ag-/0/1757864889044?e=1784160000&v=beta&t=GMekbDQNgtYHJfnqgt-0VufeyYZNqUFZnlKHWJwSGyM:0
[  118632ms] [ERROR] Failed to load resource: net::ERR_QUIC_PROTOCOL_ERROR @ https://media.licdn.com/dms/image/v2/D5622AQFJze7gBBSIww/feedshare-shrink_800/B56Zpy6ds1IsAo-/0/1762864523903?e=1784160000&v=beta&t=6bFNS52AHZ7QTQ_RoXE97vfTY-bq8laZnmBzbsMgIbw:0
[  118633ms] [ERROR] Failed to load resource: net::ERR_QUIC_PROTOCOL_ERROR @ https://media.licdn.com/dms/image/v2/D4E22AQH6_P3TLnJJBA/feedshare-shrink_800/B4EZ4rUvp0HYAg-/0/1778843320028?e=1783555200&v=beta&t=XVyM6YFMU5DKnz6YumIMfjua2m2hIPtt19x9U2fVYXw:0
[  118633ms] [ERROR] Failed to load resource: net::ERR_QUIC_PROTOCOL_ERROR @ https://media.licdn.com/dms/image/v2/D5622AQES6ZyK69bNFQ/feedshare-shrink_800/B56Z7PFbD7JoAc-/0/1781590766202?e=1783555200&v=beta&t=US4UsQlZ-vKXVxBlxIwAGht2hB3TDlC2G70aqHJsf9M:0
[  118633ms] [ERROR] Failed to load resource: net::ERR_QUIC_PROTOCOL_ERROR @ https://media.licdn.com/dms/image/v2/D4E22AQH5esuXaWl8oQ/feedshare-shrink_800/B4EZ26T9qAIoAc-/0/1776947289038?e=1784160000&v=beta&t=virPay2clfJfWOodGYwLl4Glq4LfvMl7_YsR5G-QtyM:0
[  118633ms] [ERROR] Failed to load resource: net::ERR_QUIC_PROTOCOL_ERROR @ https://media.licdn.com/dms/image/v2/D5622AQEDaNxeCXRysA/feedshare-shrink_800/B56Z5ieENGIEAc-/0/1779768509771?e=1784160000&v=beta&t=6vosyhCH71PoUx8YS0EUvG_1LpiwPKkHaOF-iy057Cg:0
[  118633ms] [ERROR] Failed to load resource: net::ERR_QUIC_PROTOCOL_ERROR @ https://media.licdn.com/dms/image/v2/D4E22AQH8HORg9aC5MA/feedshare-image-high-res/B4EZ3TbwHQGkAY-/0/1777368761205?e=1783555200&v=beta&t=zvHUK2SgqELmiFnQpTtMI9h8zWNmeER1PoAIPPUiW9I:0
[  118633ms] [ERROR] Failed to load resource: net::ERR_QUIC_PROTOCOL_ERROR @ https://media.licdn.com/dms/image/v2/D4D22AQEKiagwROmLWQ/feedshare-shrink_800/B4DZyOcswiJkAg-/0/1771916415091?e=1784160000&v=beta&t=xROQjfs84Ouq9XDvRwfsSgLoJmrWL9t34bTB_vKavH0:0
[  118633ms] [ERROR] Failed to load resource: net::ERR_QUIC_PROTOCOL_ERROR @ https://media.licdn.com/dms/image/v2/D4E22AQFqSDLrYhcBpA/feedshare-shrink_800/B4EZ5fC9fnJMAc-/0/1779711072563?e=1783555200&v=beta&t=XVNZmwz-XhHo7Ml_Q7hVbCh0T3eKUPQ4q-ZoCftrNXU:0
[  118633ms] [ERROR] Failed to load resource: net::ERR_QUIC_PROTOCOL_ERROR @ https://media.licdn.com/dms/image/v2/D4E22AQFpexHEhAkHgg/feedshare-shrink_800/B4EZ5fBJBUK0Ag-/0/1779710595737?e=1783555200&v=beta&t=2_8rBJUYaZlzDDqbUnw09sfG0cBhutODd-pqbhI3Igw:0
[  118634ms] [ERROR] Failed to load resource: net::ERR_QUIC_PROTOCOL_ERROR @ https://media.licdn.com/dms/image/v2/D4D22AQEUt9duEbBuGw/feedshare-shrink_800/B4DZwOtweSHYAg-/0/1769773402469?e=1784160000&v=beta&t=dTv6sGKRdWNzfZCp-hEOTRgDzbRzH7r1nzXVVLJKaAA:0
[  118634ms] [ERROR] Failed to load resource: net::ERR_QUIC_PROTOCOL_ERROR @ https://media.licdn.com/dms/image/v2/D4D22AQEWZE4-Usjf4w/feedshare-shrink_800/B4DZ6SSuq4IsAc-/0/1780570844430?e=1784160000&v=beta&t=G2fUYIumaj6OaX5uQ3iU25KRh0yDY2s5z4R3_jM8i60:0
[  118634ms] [ERROR] Failed to load resource: net::ERR_QUIC_PROTOCOL_ERROR @ https://media.licdn.com/dms/image/v2/D4E22AQExMpj0EVWZZg/feedshare-shrink_800/B4EZ6cJhBsJkAc-/0/1780736201079?e=1783555200&v=beta&t=1ha0cLkif7az_qLln2SUHIvK4ut0wK6qONGvox_LKJI:0
[  118634ms] [ERROR] Failed to load resource: net::ERR_QUIC_PROTOCOL_ERROR @ https://media.licdn.com/dms/image/v2/D5622AQGab5fhjVP53A/feedshare-shrink_800/B56Zm.yE.1KAAg-/0/1759842424783?e=1784160000&v=beta&t=U4iDgIOGZxXPehnuc7mxo3sbzc-BN9JN24HQXpvDI4A:0
[  118634ms] [ERROR] Failed to load resource: net::ERR_QUIC_PROTOCOL_ERROR @ https://media.licdn.com/dms/image/v2/D5622AQHuB2vL1VwA8Q/feedshare-shrink_800/B56Z4_Rn_fGsAc-/0/1779178046086?e=1783555200&v=beta&t=vA5xzJaoHmpBxEkdXFh2w8t252_xmn_kkQW6lz3hhvM:0
[  118634ms] [ERROR] Failed to load resource: net::ERR_QUIC_PROTOCOL_ERROR @ https://media.licdn.com/dms/image/v2/D5622AQGfRElLwryxAA/feedshare-shrink_800/B56Z7ZxRXNG4Ag-/0/1781770032907?e=1783555200&v=beta&t=wZvohU2FOm0fIrT5MJevWcGxbtQgjkQS-g9wbVDneDg:0
[  118634ms] [ERROR] Failed to load resource: net::ERR_QUIC_PROTOCOL_ERROR @ https://media.licdn.com/dms/image/v2/D4E22AQHPV4ZNJUZU8g/feedshare-shrink_800/B4EZ6SZ2vvGwAg-/0/1780572712227?e=1783555200&v=beta&t=VBXZnmFtvrIJ32KX54FoD4RR_1NK3mp6P8TBPHzwVLM:0
[  118634ms] [ERROR] Failed to load resource: net::ERR_QUIC_PROTOCOL_ERROR @ https://media.licdn.com/dms/image/v2/D4D22AQHcLsRkI6N8iw/feedshare-shrink_800/B4DZ2zlXImJsAc-/0/1776834410612?e=1784160000&v=beta&t=A82hjmJh1ceFv4sbyo8wsKtfDRG_pIXLuBnFtiWfFqc:0
[  118635ms] [ERROR] Failed to load resource: net::ERR_QUIC_PROTOCOL_ERROR @ https://media.licdn.com/dms/image/v2/D4E22AQHg-SGInu_arw/feedshare-shrink_1280/B4EZ708Hy8JMAQ-/0/1782225863032?e=1783555200&v=beta&t=h_iPZWfQp1X5v7U3xVOW3lHJ1m5WwOicy4E133PlALM:0
[  118635ms] [ERROR] Failed to load resource: net::ERR_QUIC_PROTOCOL_ERROR @ https://media.licdn.com/dms/image/v2/D5622AQFZKAapmYQDvw/feedshare-shrink_800/B56Z6HYuSCG0Ac-/0/1780387865996?e=1783555200&v=beta&t=72sdQ_qya7itKFEIT2cIW4pcpFwZuS588MaVX1Sbgr4:0
[  118635ms] [ERROR] Failed to load resource: net::ERR_QUIC_PROTOCOL_ERROR @ https://media.licdn.com/dms/image/v2/D5622AQEln06xfH23Ew/feedshare-shrink_800/B56ZxCQKMWHQAg-/0/1770638058643?e=1784160000&v=beta&t=Fl-_G7SoMtVcNLkuoud8L0Bya0lIYeVKVG0jKnPZp1U:0
[  118635ms] [ERROR] Failed to load resource: net::ERR_QUIC_PROTOCOL_ERROR @ https://media.licdn.com/dms/image/v2/D4E22AQF-habpxK5W7g/feedshare-shrink_800/B4EZ5KPv_dIAAk-/0/1779362103815?e=1783555200&v=beta&t=_oSBKjS1gFpadzUtU7tWNLylJ8tLwLGzTXmrAuZVA1M:0
[  118635ms] [ERROR] Failed to load resource: net::ERR_QUIC_PROTOCOL_ERROR @ https://media.licdn.com/dms/image/v2/D4E22AQG-ntU82X-apA/feedshare-shrink_800/B4EZoGoFKOIoAg-/0/1761047766427?e=1784160000&v=beta&t=30SEcF7-SfJIQxh3_7xJnvpCXY5TfW6rIPo3-5-nD6c:0
[  118635ms] [ERROR] Failed to load resource: net::ERR_QUIC_PROTOCOL_ERROR @ https://media.licdn.com/dms/image/v2/D4E22AQGk8hYerAjgtA/feedshare-shrink_800/B4EZ338unCJUAg-/0/1777981385495?e=1783555200&v=beta&t=VQsHhpTHm5Ma2H-C7AzYGmauFoQXuV8Oh2g1RNm8pMU:0
[  118635ms] [ERROR] Failed to load resource: net::ERR_QUIC_PROTOCOL_ERROR @ https://media.licdn.com/dms/image/v2/D4E22AQGflSoIDyQ5aw/feedshare-shrink_800/B4EZ38XXAfHsAc-/0/1778055475723?e=1783555200&v=beta&t=lNPxxZq5rd5e21GkuOXNiAkceVBvyqR_C-9E63zD3yQ:0
[  118635ms] [ERROR] Failed to load resource: net::ERR_QUIC_PROTOCOL_ERROR @ https://media.licdn.com/dms/image/v2/D5622AQHkaIeKWgd_CA/feedshare-shrink_800/B56Z6wk2X7I8Ak-/0/1781078910745?e=1783555200&v=beta&t=hBU0Gqy8UYI8GJuZ5AWiWYlF4isdD0pOLHSK43FDrw4:0
[  118635ms] [ERROR] Failed to load resource: net::ERR_QUIC_PROTOCOL_ERROR @ https://media.licdn.com/dms/image/v2/D4E22AQHkzDoYhhBLig/feedshare-shrink_800/B4EZokkwWMHgAg-/0/1761550209530?e=1784160000&v=beta&t=HhJu3Boae72-9d3pd_kYXY1TU923GjiFSpZq5PSlz5o:0
[  118636ms] [ERROR] Failed to load resource: net::ERR_QUIC_PROTOCOL_ERROR @ https://media.licdn.com/dms/image/v2/D4E22AQG4tYJqBIT5RQ/feedshare-shrink_800/B4EZuJUh3CIoAg-/0/1767535422479?e=1784160000&v=beta&t=SQ_UyLSPcPrnIf7hxR60cZlCZLb6m1J7vw95TnI2Utc:0
[  118636ms] [ERROR] Failed to load resource: net::ERR_QUIC_PROTOCOL_ERROR @ https://media.licdn.com/dms/image/v2/D4E22AQGHuSXgVHLV3Q/feedshare-shrink_800/B4EZ7.o_svKwAg-/0/1782388620363?e=1784160000&v=beta&t=_jKSdvpEpAop5So_He-Nj3c1THlTaNwq0u7l4vcpSi4:0
[  118636ms] [ERROR] Failed to load resource: net::ERR_QUIC_PROTOCOL_ERROR @ https://media.licdn.com/dms/image/v2/D4E22AQFjR-zU693LVQ/feedshare-shrink_800/B4EZoQz8oBJgAk-/0/1761218645102?e=1784160000&v=beta&t=3ufwyHgk4JIk_LgNIiqLCI_puTPMceaTbWFY_sytuEA:0
[  118636ms] [ERROR] Failed to load resource: net::ERR_QUIC_PROTOCOL_ERROR @ https://media.licdn.com/dms/image/v2/D4E22AQGkqQBtAWrCew/feedshare-shrink_800/B4EZ5t99eKHsAo-/0/1779961420072?e=1783555200&v=beta&t=vaafM-NsZThDf9ejT8aDPq8tUoiyssKm_CvPn8QnMGo:0
[  118636ms] [ERROR] Failed to load resource: net::ERR_QUIC_PROTOCOL_ERROR @ https://media.licdn.com/dms/image/v2/D5622AQGt9u8NssNvMw/feedshare-shrink_800/B56Zz_.ce1KcAg-/0/1773821085902?e=1784160000&v=beta&t=6ruiV1D6oqfD3VdHJFTTM_qd6XdwzA15k_m93I0clcs:0
[  118636ms] [ERROR] Failed to load resource: net::ERR_QUIC_PROTOCOL_ERROR @ https://media.licdn.com/dms/image/v2/D4E22AQE1G5cR07LSpQ/feedshare-shrink_800/B4EZ5ZERp5HEAc-/0/1779610753965?e=1783555200&v=beta&t=H-9kz-JwMUd0PwQIjAVlSZv6AVXobQhj8ZPf-Dj9JFM:0
[  118636ms] [ERROR] Failed to load resource: net::ERR_QUIC_PROTOCOL_ERROR @ https://media.licdn.com/dms/image/v2/D5622AQG1JzXF5sunXw/feedshare-shrink_800/B56Z3ekgZDIQAc-/0/1777555614411?e=1784160000&v=beta&t=dGF0d4sbkQEj94TXKXdEs6joyV2CFBLMltgX_jIGvgI:0
[  118637ms] [ERROR] Failed to load resource: net::ERR_QUIC_PROTOCOL_ERROR @ https://media.licdn.com/dms/image/v2/D4D22AQFh85myRH67JA/feedshare-shrink_800/B4DZ6CoExxJEAg-/0/1780308005173?e=1784160000&v=beta&t=7jvK2ei_azAGPEd8SnSBjGCkz3kcuVGGLrkhXWDDvMQ:0
[  118637ms] [ERROR] Failed to load resource: net::ERR_QUIC_PROTOCOL_ERROR @ https://media.licdn.com/dms/image/v2/D4E22AQFHt_tojW37Gw/feedshare-shrink_800/B4EZ7o1EjQIcAg-/0/1782022692068?e=1783555200&v=beta&t=dzRECcQTt-8J7rJiErcF-EX73tY548xJQwZw4W7dr74:0
[  118637ms] [ERROR] Failed to load resource: net::ERR_QUIC_PROTOCOL_ERROR @ https://media.licdn.com/dms/image/v2/D5622AQHUeholoOXxfA/feedshare-shrink_800/B56Zg2bWb8HQAg-/0/1753259797386?e=1784160000&v=beta&t=AnH_L7URioJKsr5Sp3gh2jzYsfmFO160UFHl1_azpik:0
[  118637ms] [ERROR] Failed to load resource: net::ERR_QUIC_PROTOCOL_ERROR @ https://media.licdn.com/dms/image/v2/D4E22AQHpoS7bmwaZcg/feedshare-shrink_800/B4EZTv7wDZHcAs-/0/1739192207802?e=1784160000&v=beta&t=_kYYi-V1soPFXmuMrVQC0KTWZ0eRLHZnaasQJqACV2A:0
[  118637ms] [ERROR] Failed to load resource: net::ERR_QUIC_PROTOCOL_ERROR @ https://media.licdn.com/dms/image/v2/D5622AQHKhrBMb7kCYQ/feedshare-shrink_800/B56Z6WpuvaKQAc-/0/1780643982660?e=1783555200&v=beta&t=PRCFwn6262sI6SxmOJvgD0KYQTeHOrQm9nUpJQnXhnM:0
[  118637ms] [ERROR] Failed to load resource: net::ERR_QUIC_PROTOCOL_ERROR @ https://media.licdn.com/dms/image/v2/D4D22AQGJRZxRkCnqbA/feedshare-shrink_800/B4DZ2FQBXLJQAc-/0/1776057063875?e=1784160000&v=beta&t=VGtVT6rjNwB2XRu81LNFYMwUXXl6a0xLF6u0gVBHVwQ:0
[  118637ms] [ERROR] Failed to load resource: net::ERR_QUIC_PROTOCOL_ERROR @ https://media.licdn.com/dms/image/v2/D4E22AQFscc1swF2X8w/feedshare-shrink_800/B4EZ6C_HZZKYAk-/0/1780314044323?e=1783555200&v=beta&t=70ewnzxHBCzq2PzUssJJWR21y0GB0BdW13D0urhI90E:0
[  118637ms] [ERROR] Failed to load resource: net::ERR_QUIC_PROTOCOL_ERROR @ https://media.licdn.com/dms/image/v2/D4E22AQEcnWq4tNIUvA/feedshare-shrink_800/B4EZ59WpPfHUAc-/0/1780219548915?e=1783555200&v=beta&t=l20Nbp7erCdJQpW7Mwtlb8Zb-YwwY7xW9nMqD1V2mJ4:0
[  118637ms] [ERROR] Failed to load resource: net::ERR_QUIC_PROTOCOL_ERROR @ https://media.licdn.com/dms/image/v2/D5622AQEJQyKi5t0WIQ/feedshare-shrink_800/B56Z7beKAKH4Ac-/0/1781798576725?e=1784160000&v=beta&t=OtvnUVQOFPuosqk7ldwHN930J3CFTPG8-c6i783uYe0:0
[  118638ms] [ERROR] Failed to load resource: net::ERR_QUIC_PROTOCOL_ERROR @ https://media.licdn.com/dms/image/v2/D4D22AQFgua6V1ZDQsQ/feedshare-shrink_800/B4DZU3rBlGG4Ak-/0/1740395781437?e=1784160000&v=beta&t=NF-XVU7R5bUGzWrPcokwHo8hJQSfFHd3bb4Dmjmczr8:0
[  118638ms] [ERROR] Failed to load resource: net::ERR_QUIC_PROTOCOL_ERROR @ https://media.licdn.com/dms/image/v2/D4E22AQHR5fHKjC2JDA/feedshare-shrink_800/B4EZ6sBo8TGQAg-/0/1781002571831?e=1783555200&v=beta&t=q96AaXlKNwn5bUMqKzMclDvLzKUrOab9kHJavl5W5VY:0
[  118638ms] [ERROR] Failed to load resource: net::ERR_QUIC_PROTOCOL_ERROR @ https://media.licdn.com/dms/image/v2/D5622AQGSz_PWsDe-hA/feedshare-shrink_800/B56Z5ElZYCHsAc-/0/1779267116025?e=1783555200&v=beta&t=3TglQQE_nniq8DwcSh7R7eRDgclQ9hb9FSV9VdLMVOA:0
[  118638ms] [ERROR] Failed to load resource: net::ERR_QUIC_PROTOCOL_ERROR @ https://media.licdn.com/dms/image/v2/D4E22AQGUZbUArYEKaQ/feedshare-shrink_800/feedshare-shrink_800/0/1733662631624?e=1784160000&v=beta&t=aRIdzvRdThlUiz7M8vc2sYmzR7J-yzGt14sChpbj9GA:0
[  118638ms] [ERROR] Failed to load resource: net::ERR_QUIC_PROTOCOL_ERROR @ https://media.licdn.com/dms/image/v2/D4D22AQFOV4PjORmPpA/feedshare-shrink_800/B4DZX1XGOUHAAo-/0/1743578228464?e=1784160000&v=beta&t=viinylPjzHajFnwlNZ8qZym7gXy9DhJjjq1YkVz6Vss:0
[  118638ms] [ERROR] Failed to load resource: net::ERR_QUIC_PROTOCOL_ERROR @ https://media.licdn.com/dms/image/v2/D4E22AQExIfHzh1iiww/feedshare-shrink_800/B4EZ5jp2Q7GUAc-/0/1779788375426?e=1783555200&v=beta&t=kLhuG47bW2rmYsv1Ul_nILeuQg5tICngStp8D1fzY-U:0
[  118638ms] [ERROR] Failed to load resource: net::ERR_QUIC_PROTOCOL_ERROR @ https://media.licdn.com/dms/image/v2/D4E22AQFq5KPubfR-UQ/feedshare-shrink_800/B4EZv5zMU6H4Ag-/0/1769422505701?e=1784160000&v=beta&t=9pW-MTKoiCnOe9apr8RRA6tt6R2QmUck18ba9oEpi0M:0
[  118638ms] [ERROR] Failed to load resource: net::ERR_QUIC_PROTOCOL_ERROR @ https://media.licdn.com/dms/image/v2/D4E22AQG8X2k01Qf8fw/feedshare-shrink_800/B4EZiUFvNUGwAg-/0/1754831189963?e=1784160000&v=beta&t=rteKzS2YLlxu8lhQaS93jqXXjODIaI_VmqGnMR0ONlE:0
[  118639ms] [ERROR] Failed to load resource: net::ERR_QUIC_PROTOCOL_ERROR @ https://media.licdn.com/dms/image/v2/D4E22AQF7z3d2OYLrZg/feedshare-shrink_800/B4EZVbue3iH0Ag-/0/1741000669402?e=1784160000&v=beta&t=u4iFEpYtFVHlM7uf6WGWG9T_ZKrcSDSxwkPAmO8vuCA:0
[  118639ms] [ERROR] Failed to load resource: net::ERR_QUIC_PROTOCOL_ERROR @ https://media.licdn.com/dms/image/v2/D4E22AQFNmrBcIK1S2Q/feedshare-shrink_800/B4EZ5UGarRJAAc-/0/1779527429046?e=1783555200&v=beta&t=oDq_pGrNAnIP4LGWPGojNPyDatbyK4VLdO8ZPnZpMtg:0
[  118639ms] [ERROR] Failed to load resource: net::ERR_QUIC_PROTOCOL_ERROR @ https://media.licdn.com/dms/image/v2/D4D22AQHX6WdPAwLKyA/feedshare-shrink_800/B4DZsNwphjLkAg-/0/1765462416968?e=1784160000&v=beta&t=biSvBLrODP3ZTkZy7s6l856pHUuPmXMVMUsQGDri48c:0
[  118639ms] [ERROR] Failed to load resource: net::ERR_QUIC_PROTOCOL_ERROR @ https://media.licdn.com/dms/image/v2/D5622AQFzC1ANk1U7mw/feedshare-shrink_800/B56Z5JjOz1JwAc-/0/1779350433707?e=1783555200&v=beta&t=Se3RsRC_lXeyMO3M75wBxX1bHywBCUy3XV4-VkIchb8:0
[  118639ms] [ERROR] Failed to load resource: net::ERR_QUIC_PROTOCOL_ERROR @ https://media.licdn.com/dms/image/v2/D4D22AQH83DnOnhE6PQ/feedshare-shrink_800/B4DZ1tu6MaHMAc-/0/1775662507118?e=1784160000&v=beta&t=3P_yioWoQ0dqMH_voDZeRCaZusVlpZ7Rc6sjaSJ3lb0:0
[  118639ms] [ERROR] Failed to load resource: net::ERR_QUIC_PROTOCOL_ERROR @ https://media.licdn.com/dms/image/v2/D4E22AQGEsIhPWiNW-Q/feedshare-shrink_800/B4EZwzQeYjHkAo-/0/1770386483402?e=1784160000&v=beta&t=cWfMcDeFuz0XKQd24Oc_7GoVrGfwSetJtk3QpKSR11A:0
[  118639ms] [ERROR] Failed to load resource: net::ERR_QUIC_PROTOCOL_ERROR @ https://media.licdn.com/dms/image/v2/D4D22AQFEehbs-ApDBA/feedshare-shrink_800/B4DZ6H.vouKAAg-/0/1780397833172?e=1784160000&v=beta&t=a1v7HzkIWfDYTUtgplRn7KaFxrvl0xMaONJlIf6zFtY:0
[  118640ms] [ERROR] Failed to load resource: net::ERR_QUIC_PROTOCOL_ERROR @ https://media.licdn.com/dms/image/v2/D4E22AQGuSvcB1x0T6g/feedshare-shrink_800/B4EZsNusFGIoAg-/0/1765461904023?e=1784160000&v=beta&t=LHvZb1HJ2YJJwzuWTabYtdvg3v3crdPfqVB4Ik6nkxw:0
[  118640ms] [ERROR] Failed to load resource: net::ERR_QUIC_PROTOCOL_ERROR @ https://media.licdn.com/dms/image/v2/D5622AQFX5r0U_FtK0Q/feedshare-shrink_800/feedshare-shrink_800/0/1733815824426?e=1784160000&v=beta&t=KpZWiaMQJ2HOMMbLEJntUFAeQYKebqRzAkNsyBaM3rs:0
[  118640ms] [ERROR] Failed to load resource: net::ERR_QUIC_PROTOCOL_ERROR @ https://media.licdn.com/dms/image/v2/D4E22AQEDG0UUZLqvDA/feedshare-shrink_800/B4EZ759h3NJUAc-/0/1782310117112?e=1784160000&v=beta&t=TMVfYb_dzsbY86uhKIloYtaj3Zgin7n6rYi1lRPMMkg:0
[  118640ms] [ERROR] Failed to load resource: net::ERR_QUIC_PROTOCOL_ERROR @ https://media.licdn.com/dms/image/v2/D4E22AQEx0RUBvUiRyQ/feedshare-shrink_800/B4EZ6mmHukGUAc-/0/1780911471858?e=1783555200&v=beta&t=p65qOVmysZnUrPo0mm4r55ypvmtGIOZf3mTRexTWCSI:0
[  118640ms] [ERROR] Failed to load resource: net::ERR_QUIC_PROTOCOL_ERROR @ https://media.licdn.com/dms/image/v2/D4E22AQHyO9rywTJqJw/feedshare-shrink_800/B4EZ5D.Gv8JAAc-/0/1779256815885?e=1784160000&v=beta&t=DPUZrRL20NCFVuxMpwv4OsPfcuxstHMxRUhZXTfhNkg:0
[  118640ms] [ERROR] Failed to load resource: net::ERR_QUIC_PROTOCOL_ERROR @ https://media.licdn.com/dms/image/v2/D4E22AQHpbL6aNOlj1A/feedshare-shrink_800/B4EZXw3B_0HcAg-/0/1743502718763?e=1784160000&v=beta&t=LZnkAOHLGW9w4-_NHcjOvM-G3c9RgUh_HYOXOvYzzYQ:0
[  118640ms] [ERROR] Failed to load resource: net::ERR_QUIC_PROTOCOL_ERROR @ https://media.licdn.com/dms/image/v2/D5622AQELRovsbN6UPw/feedshare-shrink_800/B56ZntIRdzJ4Ag-/0/1760619994757?e=1784160000&v=beta&t=ISP8ZdReHhdQ8ZGn9Ye5EflPcRNbiWsV6sDILYB98gE:0
[  118641ms] [ERROR] Failed to load resource: net::ERR_QUIC_PROTOCOL_ERROR @ https://media.licdn.com/dms/image/v2/D4E22AQF5OhhoX8RbTw/feedshare-shrink_800/B4EZ5jKRgvKMAg-/0/1779780098436?e=1783555200&v=beta&t=0P1Oy8CzZShBVLlQ_1Z7_lbyarUoskMWueKYKj4Yt04:0
[  118641ms] [ERROR] Failed to load resource: net::ERR_QUIC_PROTOCOL_ERROR @ https://media.licdn.com/dms/image/v2/D4E22AQHhYGr3oB2WDg/feedshare-shrink_800/B4EZ6IHtd9GsAk-/0/1780400183649?e=1783555200&v=beta&t=cGQk8qyKWTf0OBGa3JJHierl-L5A41wGq3V6DynJU5Q:0
[  118641ms] [ERROR] Failed to load resource: net::ERR_QUIC_PROTOCOL_ERROR @ https://media.licdn.com/dms/image/v2/D4E22AQEjoA65t1XHVA/feedshare-shrink_800/B4EZqllgYmKMAg-/0/1763714666120?e=1784160000&v=beta&t=LYZ17LL32EGZPQNA6bnJ8ef71Tn73fj6ZYr_g5SMwXc:0
[  118641ms] [ERROR] Failed to load resource: net::ERR_QUIC_PROTOCOL_ERROR @ https://media.licdn.com/dms/image/v2/D4E22AQFHt_tojW37Gw/feedshare-shrink_1280/B4EZ7o1EjQIcAQ-/0/1782022696427?e=1783555200&v=beta&t=kiAR7rskxt_D193mNb0vJSrEChBhMAn9G8f04vk9YWE:0
[  118641ms] [ERROR] Failed to load resource: net::ERR_QUIC_PROTOCOL_ERROR @ https://media.licdn.com/dms/image/v2/D5622AQFeeD5oFtB7NA/feedshare-shrink_800/B56Z6MheOoJMAc-/0/1780474045671?e=1783555200&v=beta&t=wDEzp40yeW7k3p8p1MzxvNstMagYpS2RfdyxR0ptMQ4:0
[  118641ms] [ERROR] Failed to load resource: net::ERR_QUIC_PROTOCOL_ERROR @ https://media.licdn.com/dms/image/v2/D4E22AQHoRnDss-GLyQ/feedshare-shrink_800/B4EZ0pTe_lHQAc-/0/1774514468030?e=1784160000&v=beta&t=tHTT4-BwFfFvk9WzmoWGmtBIscm40Umb9VAUYwZxwgo:0
[  118641ms] [ERROR] Failed to load resource: net::ERR_QUIC_PROTOCOL_ERROR @ https://media.licdn.com/dms/image/v2/D4D22AQFDOgelOZwHpA/feedshare-shrink_800/feedshare-shrink_800/0/1732782765874?e=1784160000&v=beta&t=ex1z5MsLuZnbJIT-ESHu4Os-C4UWpoJUrxKGLj7LBTs:0
[  118641ms] [ERROR] Failed to load resource: net::ERR_QUIC_PROTOCOL_ERROR @ https://media.licdn.com/dms/image/v2/D4E22AQFein3aYmQibA/feedshare-shrink_800/B4EZgyItkGHoAg-/0/1753187802956?e=1784160000&v=beta&t=d3fr53e7sw0DgxmVq0pZdv3TI5slKjXm9S1AkQYcCog:0
[  118641ms] [ERROR] Failed to load resource: net::ERR_QUIC_PROTOCOL_ERROR @ https://media.licdn.com/dms/image/v2/D4E22AQHIc-Ci7QrFqg/feedshare-shrink_800/B4EZ6SEUxlKsAc-/0/1780567068074?e=1783555200&v=beta&t=b9PpSy6WBnF7tOARsAC2yj0nAVlKKhUAAijhseLU35o:0
[  118642ms] [ERROR] Failed to load resource: net::ERR_QUIC_PROTOCOL_ERROR @ https://media.licdn.com/dms/image/v2/D4E22AQHWSetGKIVGkQ/feedshare-shrink_800/B4EZnM0AYhKYAg-/0/1760077815094?e=1784160000&v=beta&t=_Hr7yZElgvRyNNg2Ct1WC8pJaRPWrDkPPGKyrDhXxug:0
[  118642ms] [ERROR] Failed to load resource: net::ERR_QUIC_PROTOCOL_ERROR @ https://media.licdn.com/dms/image/v2/D4E22AQGooaQZzi9i_A/feedshare-shrink_800/B4EZm0OsX0KUAg-/0/1759665375933?e=1784160000&v=beta&t=lrG_lP9TCg-zM-mbSLtPUCudf7bXBWSLV17yBm7e-NE:0
[  118642ms] [ERROR] Failed to load resource: net::ERR_QUIC_PROTOCOL_ERROR @ https://media.licdn.com/dms/image/v2/D4E22AQGzoIOuHc79CQ/feedshare-shrink_800/B4EZ7aaAq4KAAk-/0/1781780712635?e=1783555200&v=beta&t=wZPR8Ps331RZeOXyPn1G-b4vcrPVwNLfoYlmnCFHuXA:0
[  118642ms] [ERROR] Failed to load resource: net::ERR_QUIC_PROTOCOL_ERROR @ https://media.licdn.com/dms/image/v2/D5622AQGVKp1zHTH67g/feedshare-shrink_800/B56Z5n1XwHKoAc-/0/1779858506498?e=1784160000&v=beta&t=7ayd9iXu1w3BOGkUu-fBjEK97ITnlmrSv8MuoFymcNg:0
[  118642ms] [ERROR] Failed to load resource: net::ERR_QUIC_PROTOCOL_ERROR @ https://media.licdn.com/dms/image/v2/D5622AQF0BteehCHvbg/feedshare-shrink_800/B56Z5fAUaNGsAc-/0/1779710379970?e=1784160000&v=beta&t=W4oPHJAVUEh5El6P8geNlPyCxuORNrIaGuGwY4z7zVo:0
[  118642ms] [ERROR] Failed to load resource: net::ERR_QUIC_PROTOCOL_ERROR @ https://media.licdn.com/dms/image/v2/D4D22AQGNn4nNnLQ4XA/feedshare-shrink_800/B4DZyd5eNmHIAg-/0/1772175615850?e=1784160000&v=beta&t=bNDi6lyg4RDe0azRqOEQpSRwz2lm1SKsvKwFy0Osx-Y:0
[  118643ms] [ERROR] Failed to load resource: net::ERR_QUIC_PROTOCOL_ERROR @ https://media.licdn.com/dms/image/v2/D4E22AQEGqNQ04Prm7g/feedshare-shrink_800/B4EZ6r05J_HwAc-/0/1780999247118?e=1783555200&v=beta&t=OtmM3P9R-2elnTczOawNvnkHPiYn58ivmX4zsv2WVRc:0
[  118643ms] [ERROR] Failed to load resource: net::ERR_QUIC_PROTOCOL_ERROR @ https://media.licdn.com/dms/image/v2/D5622AQHtOy1zu8ioIQ/feedshare-shrink_800/B56Z3i.VxjK4Ac-/0/1777629486444?e=1784160000&v=beta&t=hVTCyOuGyf6W7-rBBJNF_Qf2cHjyTuqo7azVjWYQXoM:0
[  118643ms] [ERROR] Failed to load resource: net::ERR_QUIC_PROTOCOL_ERROR @ https://media.licdn.com/dms/image/v2/D5622AQHhjpnRJVxxcA/feedshare-shrink_800/B56Z46Gex6IQAc-/0/1779091238312?e=1783555200&v=beta&t=aY3djqCx4RlbzzIWqsbFqFPp6L210aByJ7cqNymVCZ0:0
[  118643ms] [ERROR] Failed to load resource: net::ERR_QUIC_PROTOCOL_ERROR @ https://media.licdn.com/dms/image/v2/D5622AQGvGws66As_zg/feedshare-shrink_800/B56Z1D_5nDJgAc-/0/1774962318293?e=1784160000&v=beta&t=KJdAgJwVVbETCFwmJRl873OFhW7YnLpj9iDn-_aBECA:0
[  118643ms] [ERROR] Failed to load resource: net::ERR_QUIC_PROTOCOL_ERROR @ https://media.licdn.com/dms/image/v2/D4E22AQHpL1ON8ng1vQ/feedshare-shrink_800/B4EZXWkPHcH0Ak-/0/1743061581512?e=1784160000&v=beta&t=rqvKIJoSB1JO1i9f2XqEo7ftBi6t5eYIlN1x58gWvFk:0
[  118643ms] [ERROR] Failed to load resource: net::ERR_QUIC_PROTOCOL_ERROR @ https://media.licdn.com/dms/image/v2/D4D22AQH_Mvh4EiymYw/feedshare-shrink_800/B4DZ0vTS0fHIAc-/0/1774615080532?e=1784160000&v=beta&t=KUIcTsvxLbvwXrazJdXrUdVv5IeafZazgbOKlTE1uNQ:0
[  118643ms] [ERROR] Failed to load resource: net::ERR_QUIC_PROTOCOL_ERROR @ https://media.licdn.com/dms/image/v2/D5622AQGoDpRzquTGxw/feedshare-shrink_800/B56ZXHPfjSGUAg-/0/1742804483115?e=1784160000&v=beta&t=rZkrTopcjCzIb8o60Wo9lAbMIniN36SC2cDu87bhgbg:0
[  118644ms] [ERROR] Failed to load resource: net::ERR_QUIC_PROTOCOL_ERROR @ https://media.licdn.com/dms/image/v2/D5622AQECcwRVRQJJIw/feedshare-shrink_800/B56Z45zDm8IYAc-/0/1779086146230?e=1783555200&v=beta&t=CN5lebgDFZ658JkdUGhAz9ZGQmlJ7zudeLbJzN6zZ9c:0
[  118644ms] [ERROR] Failed to load resource: net::ERR_QUIC_PROTOCOL_ERROR @ https://media.licdn.com/dms/image/v2/D5622AQGOQqbfAZJVsA/feedshare-shrink_800/B56Z6CLEiIIoAc-/0/1780300401092?e=1783555200&v=beta&t=G8xLezEj-ZVAYbBlEehVhhmZqIwFdWhX2I79Pbl4Qcw:0
[  118644ms] [ERROR] Failed to load resource: net::ERR_QUIC_PROTOCOL_ERROR @ https://media.licdn.com/dms/image/v2/D4E22AQEexEsF__0uJQ/feedshare-shrink_800/B4EZ62VVQaKgAc-/0/1781175506282?e=1783555200&v=beta&t=ktjYuObTRhmeG0q8H4KrEEys3cEokF0pZh8XH9P4VTU:0
[  118644ms] [ERROR] Failed to load resource: net::ERR_QUIC_PROTOCOL_ERROR @ https://media.licdn.com/dms/image/v2/D4E22AQHCV34rlaT2sA/feedshare-shrink_800/B4EZ71HbjvHwAg-/0/1782228826664?e=1783555200&v=beta&t=9odcRPcJSJXQW9ggol-K5nAFSgXI1xgJeL040TvZ4j0:0
[  118644ms] [ERROR] Failed to load resource: net::ERR_QUIC_PROTOCOL_ERROR @ https://media.licdn.com/dms/image/v2/D4E22AQE4tc6XvLStuw/feedshare-shrink_800/B4EZ1x5g3DIgAc-/0/1775732395770?e=1783555200&v=beta&t=h5j7lKvdnXxkYKQKl8Eove2iY0Bh83lpjxERWuNZ6UY:0
[  118645ms] [ERROR] Failed to load resource: net::ERR_QUIC_PROTOCOL_ERROR @ https://media.licdn.com/dms/image/v2/D4E22AQHAaHdBzdTHDg/feedshare-shrink_800/B4EZ6M9f4hHoAg-/0/1780481392609?e=1783555200&v=beta&t=KNV_HRBNNEMA4OkLY1UG41r3jLOGGNIxLujAdn3dlgw:0
[  118645ms] [ERROR] Failed to load resource: net::ERR_QUIC_PROTOCOL_ERROR @ https://media.licdn.com/dms/image/v2/D4D22AQFAP0leYnMayg/feedshare-shrink_800/B4DZdTiri8G8Ag-/0/1749453291596?e=1784160000&v=beta&t=YmKoVblkjSNK6We8bfj-wowptwkyhwkloCmcjU3NYuU:0
[  118645ms] [ERROR] Failed to load resource: net::ERR_QUIC_PROTOCOL_ERROR @ https://media.licdn.com/dms/image/v2/D4E22AQETMFXatV17Dg/feedshare-shrink_800/B4EZxHwqmOHQAg-/0/1770730466298?e=1784160000&v=beta&t=6bmoY_xfZtjwCQRljz40cub2VQjhzDO8Aacb1RakbV8:0
[  118645ms] [ERROR] Failed to load resource: net::ERR_QUIC_PROTOCOL_ERROR @ https://media.licdn.com/dms/image/v2/D4E22AQGQdZUDzG3kWQ/feedshare-shrink_800/B4EZ6CqPACK8Ac-/0/1780308570448?e=1783555200&v=beta&t=mJAVN26mkj3i0K3cn-yrb4wOBa0wHC9GKqdzGrDABxA:0
[  118645ms] [ERROR] Failed to load resource: net::ERR_QUIC_PROTOCOL_ERROR @ https://media.licdn.com/dms/image/v2/D4E22AQHA2pN53Wg4ZQ/feedshare-shrink_800/B4EZtfrZmtIoAg-/0/1766836780244?e=1784160000&v=beta&t=9zMmRQghAGqqRPEIuAuvJE05tjKBCUSuwK1xK0XNqi0:0
[  118645ms] [ERROR] Failed to load resource: net::ERR_QUIC_PROTOCOL_ERROR @ https://media.licdn.com/dms/image/v2/D4D22AQFBP61nSEJ8_g/feedshare-shrink_800/B4DZ6sCH3YH0Ac-/0/1781002698547?e=1784160000&v=beta&t=Y7sOE3ffMb__ZEZXHERhoihY8ggne_FAxCQgDbl7qYc:0
[  118646ms] [ERROR] Failed to load resource: net::ERR_QUIC_PROTOCOL_ERROR @ https://media.licdn.com/dms/image/v2/D4D22AQHlvtwUs7F2XQ/feedshare-shrink_800/B4DZyYv8d4KEAg-/0/1772089232575?e=1784160000&v=beta&t=dd8UOs_33_slFqQTcfFrFMvYIbRI4SjgoEYrWnCPqbo:0
[  118646ms] [ERROR] Failed to load resource: net::ERR_QUIC_PROTOCOL_ERROR @ https://media.licdn.com/dms/image/v2/D4E22AQHAynNFt9v8Gg/feedshare-shrink_800/B4EZ6XEJGHLAAo-/0/1780650906320?e=1783555200&v=beta&t=nghl9oonr6WpZmoYumnLixeOHzUt1HRfXo4BLCj3a5k:0
[  118646ms] [ERROR] Failed to load resource: net::ERR_QUIC_PROTOCOL_ERROR @ https://media.licdn.com/dms/image/v2/D4D22AQGKEovY1PFBOw/feedshare-shrink_800/B4DZ11ytX4JYAc-/0/1775797721443?e=1784160000&v=beta&t=asssGRBGVZ12OW53Kfg9AIEYpB4pYulNOTBTezyT7YY:0
[  118646ms] [ERROR] Failed to load resource: net::ERR_QUIC_PROTOCOL_ERROR @ https://media.licdn.com/dms/image/v2/D4E22AQGZUTDhDN8iXQ/feedshare-shrink_800/B4EZhMOAaIGwAg-/0/1753625399509?e=1784160000&v=beta&t=7ud85y7ULX93gCGfJ_KmoOluqxf8ApvfViMoftOkhhU:0
[  118646ms] [ERROR] Failed to load resource: net::ERR_QUIC_PROTOCOL_ERROR @ https://media.licdn.com/dms/image/v2/D5622AQGPpHbuf1hq1w/feedshare-shrink_800/B56Z6KfbTDH0Ac-/0/1780439955129?e=1784160000&v=beta&t=cVsoCm3L994HlJ6KseazanTdxACJRj9mprPW9otY5SI:0
[  118646ms] [ERROR] Failed to load resource: net::ERR_QUIC_PROTOCOL_ERROR @ https://media.licdn.com/dms/image/v2/D5622AQHMWIAR9_shZg/feedshare-shrink_800/B56ZSMCJfAHEAk-/0/1737516162233?e=1784160000&v=beta&t=RMkEcGHagmVIMVpFCYG4lmpsf8lRZYj1P1foGLxoVeQ:0
[  118647ms] [ERROR] Failed to load resource: net::ERR_QUIC_PROTOCOL_ERROR @ https://media.licdn.com/dms/image/v2/D5622AQE2KBcmfqcd0g/feedshare-shrink_800/B56Zp9RZ3rKEAk-/0/1763038309951?e=1784160000&v=beta&t=VVyOPlm9SU2IrdaHHXHsnTeCvdPJFKiI9UUX6no1MZY:0
[  118647ms] [ERROR] Failed to load resource: net::ERR_QUIC_PROTOCOL_ERROR @ https://media.licdn.com/dms/image/v2/D5622AQEjNgSPSOEESg/feedshare-shrink_800/B56Z7lJ8rbGsAc-/0/1781961051406?e=1784160000&v=beta&t=3KnN2gaHyLLzeDlUIzXrn58d7dNxyF3uVqprSmfMO1k:0
[  118647ms] [ERROR] Failed to load resource: net::ERR_QUIC_PROTOCOL_ERROR @ https://media.licdn.com/dms/image/v2/D4E22AQG2tNVFmmFc2g/feedshare-shrink_800/B4EZ4Q5E4cJoAc-/0/1778399858460?e=1783555200&v=beta&t=9W4Z1O773CRYpFA0X_sS-pVEgRgVo89EIVOn_n0TgaM:0
[  118647ms] [ERROR] Failed to load resource: net::ERR_QUIC_PROTOCOL_ERROR @ https://media.licdn.com/dms/image/v2/D4E22AQEN4WHUbZnwsA/feedshare-shrink_800/B4EZ6HylAwK0Ac-/0/1780394668646?e=1783555200&v=beta&t=Kxg-qXAN8evktdIy-Spg4NMOBiEF1J02sPfo8UrytqI:0
[  118648ms] [ERROR] Failed to load resource: net::ERR_QUIC_PROTOCOL_ERROR @ https://media.licdn.com/dms/image/v2/D4E22AQG0fNqOWsU5IA/feedshare-shrink_800/B4EZmVVKJNGYAg-/0/1759146977081?e=1784160000&v=beta&t=mBtoASR-cUJ99OKukpHiwOTth_XIyqptiQ1rKvw15K0:0
[  118648ms] [ERROR] Failed to load resource: net::ERR_QUIC_PROTOCOL_ERROR @ https://media.licdn.com/dms/image/v2/D5622AQGIoe58bzskFg/feedshare-shrink_800/B56Z4qqkDKIoAc-/0/1778832261627?e=1783555200&v=beta&t=5paz8mtyGPEPCAJmY67c9R2EDxfvcup-aJ14aSDJv7o:0
[  118650ms] [ERROR] Failed to load resource: net::ERR_QUIC_PROTOCOL_ERROR @ https://media.licdn.com/dms/image/v2/C4E22AQEPEDRfb4nUpw/feedshare-shrink_800/feedshare-shrink_800/0/1645172613205?e=1784160000&v=beta&t=Qvv8AzEUdIV6jxF7rsFgAgSazpqGFMBtjvDo4YbYLkg:0
[  118650ms] [ERROR] Failed to load resource: net::ERR_QUIC_PROTOCOL_ERROR @ https://media.licdn.com/dms/image/v2/D4D22AQHlzdNEuXdQ6A/feedshare-shrink_800/B4DZ1hNg26IYAc-/0/1775452427942?e=1784160000&v=beta&t=SHvtdCynSnia4b_SlrNYZ7_PFWzuBWuuzA_7NKcjdeA:0
[  118650ms] [ERROR] Failed to load resource: net::ERR_QUIC_PROTOCOL_ERROR @ https://media.licdn.com/dms/image/v2/D4E22AQFwb7dovGaVTg/feedshare-shrink_800/B4EZ6mr8FtKoAg-/0/1780912997056?e=1783555200&v=beta&t=hTwCwL4TJ5wYk2u4UaYeqxnCv9SurWiIBtpST4GLsmU:0
